tree	score	percentage
randomized_tree	0.7559971319014651	80
randomized_tree	0.7551612751700878	80
randomized_tree	0.7556269531120339	80
randomized_tree	0.755989057689542	80
randomized_tree	0.7552112729021307	80
randomized_tree	0.7551561033138745	80
randomized_tree	0.7518415693749751	80
randomized_tree	0.7573561106655398	80
randomized_tree	0.7593975093372016	80
randomized_tree	0.7533373657518596	80
randomized_tree	0.7564375824585718	80
randomized_tree	0.7599307602158504	80
randomized_tree	0.755456897450654	80
randomized_tree	0.7555494487558069	80
randomized_tree	0.7549221324630918	80
randomized_tree	0.7561168702866431	80
randomized_tree	0.7535308845876991	80
randomized_tree	0.7552883437473088	80
randomized_tree	0.7584526708009708	80
randomized_tree	0.7571224862718279	80
randomized_tree	0.7571729570577564	80
randomized_tree	0.7579867311843888	80
randomized_tree	0.7562934689991857	80
randomized_tree	0.7534650667944791	80
randomized_tree	0.7553699745450478	80
randomized_tree	0.757379199163779	80
randomized_tree	0.7610097321613588	80
randomized_tree	0.760387394256054	80
randomized_tree	0.7549324088816362	80
randomized_tree	0.7537951929296359	80
randomized_tree	0.7544637269512983	80
randomized_tree	0.7585778789782338	80
randomized_tree	0.7563617646953822	80
randomized_tree	0.7566294067964092	80
randomized_tree	0.7569034750561383	80
randomized_tree	0.7572484470587197	80
randomized_tree	0.754449682389653	80
randomized_tree	0.7574549788600473	80
randomized_tree	0.7551595755216607	80
randomized_tree	0.7512588607475041	80
randomized_tree	0.75266970494511	80
randomized_tree	0.7570374507616665	80
randomized_tree	0.7570120834684986	80
randomized_tree	0.7557508356245901	80
randomized_tree	0.7537109441340129	80
randomized_tree	0.7607810148651378	80
randomized_tree	0.7563905019601735	80
randomized_tree	0.7588108951814873	80
randomized_tree	0.7570492174438616	80
randomized_tree	0.7528274620803797	80
randomized_tree	0.7568331686987682	80
randomized_tree	0.7558130494373456	80
randomized_tree	0.7572932681439187	80
randomized_tree	0.7548438280291916	80
randomized_tree	0.7570890052526059	80
randomized_tree	0.7596413328350056	80
randomized_tree	0.758236317544192	80
randomized_tree	0.7545312697090388	80
randomized_tree	0.75758325332708	80
randomized_tree	0.7558045004091212	80
randomized_tree	0.7558564338460809	80
randomized_tree	0.7553421873145966	80
randomized_tree	0.7572921248937486	80
randomized_tree	0.7548838435675459	80
randomized_tree	0.7567029841043381	80
randomized_tree	0.7545032838940388	80
randomized_tree	0.7580472521781886	80
randomized_tree	0.7521995737302489	80
randomized_tree	0.7564144700445472	80
randomized_tree	0.7543796129572747	80
randomized_tree	0.7602403442548119	80
randomized_tree	0.7515343209206712	80
randomized_tree	0.751417796582517	80
randomized_tree	0.755768856842034	80
randomized_tree	0.7600372819820309	80
randomized_tree	0.7553819025252753	80
randomized_tree	0.7573186467738745	80
randomized_tree	0.7558965833515017	80
randomized_tree	0.7561743145538813	80
randomized_tree	0.7574582669690605	80
randomized_tree	0.7606924849515215	80
randomized_tree	0.756707595353106	80
randomized_tree	0.7525671701475578	80
randomized_tree	0.7556001471762963	80
randomized_tree	0.7549244414929035	80
randomized_tree	0.7572026084671691	80
randomized_tree	0.7520262071515214	80
randomized_tree	0.7556985191594309	80
randomized_tree	0.7561271233452738	80
randomized_tree	0.7554013390062044	80
randomized_tree	0.758163959938801	80
randomized_tree	0.753721943246547	80
randomized_tree	0.7521161989334441	80
randomized_tree	0.757616650769445	80
randomized_tree	0.7569290074102836	80
randomized_tree	0.7553028326754055	80
randomized_tree	0.7566467498358115	80
randomized_tree	0.7530946196991224	80
randomized_tree	0.7579844595872998	80
randomized_tree	0.7563134968073765	80
uniform_tree	0.3793202999487344	80
uniform_tree	0.3758850932956331	80
uniform_tree	0.3805203318835669	80
uniform_tree	0.3785775771102071	80
uniform_tree	0.3781878386540313	80
uniform_tree	0.3783841691950105	80
uniform_tree	0.3762762423296906	80
uniform_tree	0.3812280194235095	80
uniform_tree	0.3809194515487417	80
uniform_tree	0.3774879992395727	80
uniform_tree	0.3789613252311358	80
uniform_tree	0.3792379433651266	80
uniform_tree	0.3775711953699062	80
uniform_tree	0.3795867625853578	80
uniform_tree	0.3780235551078449	80
uniform_tree	0.3793376315208391	80
uniform_tree	0.3786964063144325	80
uniform_tree	0.3784310555402881	80
uniform_tree	0.3792593023799342	80
uniform_tree	0.3777366325371914	80
uniform_tree	0.3794575430183489	80
uniform_tree	0.3788313144556217	80
uniform_tree	0.3800224177252035	80
uniform_tree	0.3779626325444531	80
uniform_tree	0.3792240056319476	80
uniform_tree	0.3789774986160571	80
uniform_tree	0.3800476050172686	80
uniform_tree	0.3816403234431643	80
uniform_tree	0.3778089554020993	80
uniform_tree	0.3769642536591915	80
uniform_tree	0.37898693123124	80
uniform_tree	0.3793878736949767	80
uniform_tree	0.3790795212687303	80
uniform_tree	0.3780021628498759	80
uniform_tree	0.380041642414669	80
uniform_tree	0.3798993033254638	80
uniform_tree	0.378213970268599	80
uniform_tree	0.37950325592287	80
uniform_tree	0.378448709227591	80
uniform_tree	0.3760002384661282	80
uniform_tree	0.378502922371415	80
uniform_tree	0.3791113363482803	80
uniform_tree	0.3793761777380067	80
uniform_tree	0.3789736341870594	80
uniform_tree	0.3783355463025556	80
uniform_tree	0.3797666992038511	80
uniform_tree	0.3793657833480597	80
uniform_tree	0.379737084078509	80
uniform_tree	0.3794029959759574	80
uniform_tree	0.378590766827673	80
uniform_tree	0.379575712251213	80
uniform_tree	0.3783106697433226	80
uniform_tree	0.3777279787943582	80
uniform_tree	0.3780986327907683	80
uniform_tree	0.3782488670279365	80
uniform_tree	0.3801146536185038	80
uniform_tree	0.3783693039054322	80
uniform_tree	0.3776956410704449	80
uniform_tree	0.3793597300063737	80
uniform_tree	0.3790481362506145	80
uniform_tree	0.3795094282026137	80
uniform_tree	0.3783464559770029	80
uniform_tree	0.37953935642075	80
uniform_tree	0.378357649920558	80
uniform_tree	0.377231939466814	80
uniform_tree	0.3791773268366125	80
uniform_tree	0.3804916612819136	80
uniform_tree	0.3760894294022437	80
uniform_tree	0.3793183768391179	80
uniform_tree	0.3782039561794346	80
uniform_tree	0.3791664749712344	80
uniform_tree	0.3760145345075005	80
uniform_tree	0.3785385435798261	80
uniform_tree	0.3794800674728534	80
uniform_tree	0.3801151264636012	80
uniform_tree	0.3794023827294017	80
uniform_tree	0.3792245051160111	80
uniform_tree	0.3775326123843137	80
uniform_tree	0.3782176610930133	80
uniform_tree	0.3780948452153603	80
uniform_tree	0.3801329711782326	80
uniform_tree	0.3798606620742975	80
uniform_tree	0.3771141841441758	80
uniform_tree	0.3783404121671	80
uniform_tree	0.3789663012273254	80
uniform_tree	0.378792011609623	80
uniform_tree	0.3788901562282569	80
uniform_tree	0.3790553695999492	80
uniform_tree	0.3784817064992855	80
uniform_tree	0.3795981483152824	80
uniform_tree	0.379140907023035	80
uniform_tree	0.3782673081607586	80
uniform_tree	0.3788170404632262	80
uniform_tree	0.3794432351375627	80
uniform_tree	0.3790482455255672	80
uniform_tree	0.3783081788304047	80
uniform_tree	0.3775359349840584	80
uniform_tree	0.3774491664405826	80
uniform_tree	0.3791833569546364	80
uniform_tree	0.3787205910650849	80
deterministic_tree	0.1922093297746961	80
deterministic_tree	0.1919671770354635	80
deterministic_tree	0.1928845314399389	80
deterministic_tree	0.1914590279054955	80
deterministic_tree	0.191623512893851	80
deterministic_tree	0.1914813665594213	80
deterministic_tree	0.1918172394799946	80
deterministic_tree	0.1923058959027868	80
deterministic_tree	0.1919479901033511	80
deterministic_tree	0.1913932017034296	80
deterministic_tree	0.1923081524527427	80
deterministic_tree	0.1920922809033411	80
deterministic_tree	0.1927260438402722	80
deterministic_tree	0.1920698203329027	80
deterministic_tree	0.1917407116674994	80
deterministic_tree	0.1918350478108984	80
deterministic_tree	0.1914212874007955	80
deterministic_tree	0.1917299200697696	80
deterministic_tree	0.1923208603552172	80
deterministic_tree	0.191926009709997	80
deterministic_tree	0.192554925772093	80
deterministic_tree	0.1920015275956242	80
deterministic_tree	0.1921775573879733	80
deterministic_tree	0.1919814223478159	80
deterministic_tree	0.1918377394424115	80
deterministic_tree	0.1915544746988886	80
deterministic_tree	0.1922738264139349	80
deterministic_tree	0.1925646399107526	80
deterministic_tree	0.1922216435095351	80
deterministic_tree	0.1913774894505644	80
deterministic_tree	0.1924521157229104	80
deterministic_tree	0.1916205740134583	80
deterministic_tree	0.1916381955097307	80
deterministic_tree	0.1915078721218989	80
deterministic_tree	0.1918082877638399	80
deterministic_tree	0.1920784028944422	80
deterministic_tree	0.1923371104833816	80
deterministic_tree	0.1923170181742217	80
deterministic_tree	0.1919165583051702	80
deterministic_tree	0.1912784913259468	80
deterministic_tree	0.191725429158316	80
deterministic_tree	0.1922974324668233	80
deterministic_tree	0.1918492694367184	80
deterministic_tree	0.1920535937549212	80
deterministic_tree	0.191311312234291	80
deterministic_tree	0.191941359510299	80
deterministic_tree	0.1916170074212422	80
deterministic_tree	0.1922314643084239	80
deterministic_tree	0.1909653302693408	80
deterministic_tree	0.1921075804015961	80
deterministic_tree	0.1926731797971488	80
deterministic_tree	0.1913525239858543	80
deterministic_tree	0.1915788948584337	80
deterministic_tree	0.1910993059988218	80
deterministic_tree	0.1916456515745045	80
deterministic_tree	0.1915174989050621	80
deterministic_tree	0.1920406964835761	80
deterministic_tree	0.1920687370531508	80
deterministic_tree	0.191499827209727	80
deterministic_tree	0.19189924796197	80
deterministic_tree	0.1915941213221571	80
deterministic_tree	0.1917057822180898	80
deterministic_tree	0.1924624043670314	80
deterministic_tree	0.1913026825591877	80
deterministic_tree	0.1917294976834458	80
deterministic_tree	0.192546520895716	80
deterministic_tree	0.1921728617385114	80
deterministic_tree	0.1917335993760572	80
deterministic_tree	0.1920793458692142	80
deterministic_tree	0.1915151058547745	80
deterministic_tree	0.1920371602658599	80
deterministic_tree	0.1913405257064382	80
deterministic_tree	0.1912140202258546	80
deterministic_tree	0.1923503293834917	80
deterministic_tree	0.1928915078070188	80
deterministic_tree	0.1919931320128931	80
deterministic_tree	0.192143523166066	80
deterministic_tree	0.1916857706738545	80
deterministic_tree	0.1924237769606213	80
deterministic_tree	0.191960151844532	80
deterministic_tree	0.1919129728888312	80
deterministic_tree	0.1922230849480695	80
deterministic_tree	0.1913165088626496	80
deterministic_tree	0.1919831637758897	80
deterministic_tree	0.1921043639147683	80
deterministic_tree	0.1919255431058491	80
deterministic_tree	0.1921564840789078	80
deterministic_tree	0.191380708337711	80
deterministic_tree	0.1929536306455439	80
deterministic_tree	0.1914697084545972	80
deterministic_tree	0.1917451342957868	80
deterministic_tree	0.1916697384562774	80
deterministic_tree	0.1914677782768774	80
deterministic_tree	0.1916748754163125	80
deterministic_tree	0.1916271000419483	80
deterministic_tree	0.191757361958444	80
deterministic_tree	0.191716215531316	80
deterministic_tree	0.1916084473073073	80
deterministic_tree	0.1923230028359706	80
deterministic_tree	0.192075084981935	80
randomly_assigned_tree	0.428001243835898	80
randomly_assigned_tree	0.4241373445560301	80
randomly_assigned_tree	0.4298969363525923	80
randomly_assigned_tree	0.4284063799106571	80
randomly_assigned_tree	0.4270763797496136	80
randomly_assigned_tree	0.4282050486944917	80
randomly_assigned_tree	0.4241713468122091	80
randomly_assigned_tree	0.4319206030673808	80
randomly_assigned_tree	0.4298322520942551	80
randomly_assigned_tree	0.426293166818708	80
randomly_assigned_tree	0.4280205390881808	80
randomly_assigned_tree	0.4282493148663674	80
randomly_assigned_tree	0.4255965802729718	80
randomly_assigned_tree	0.4286843428304837	80
randomly_assigned_tree	0.4270037430870721	80
randomly_assigned_tree	0.4282943446835642	80
randomly_assigned_tree	0.4278774028863846	80
randomly_assigned_tree	0.4269161814331786	80
randomly_assigned_tree	0.4294329287021173	80
randomly_assigned_tree	0.4268859768039196	80
randomly_assigned_tree	0.4287446021417965	80
randomly_assigned_tree	0.4273923546341331	80
randomly_assigned_tree	0.429885096681828	80
randomly_assigned_tree	0.4257398884155451	80
randomly_assigned_tree	0.4275654089316226	80
randomly_assigned_tree	0.4285945456614874	80
randomly_assigned_tree	0.4293941810102234	80
randomly_assigned_tree	0.4308627745545946	80
randomly_assigned_tree	0.4272319674073183	80
randomly_assigned_tree	0.4257335818420025	80
randomly_assigned_tree	0.427559976496309	80
randomly_assigned_tree	0.4293260146010698	80
randomly_assigned_tree	0.4280946666801362	80
randomly_assigned_tree	0.4266696181571052	80
randomly_assigned_tree	0.4294598894223692	80
randomly_assigned_tree	0.4283451843738669	80
randomly_assigned_tree	0.4263726908650213	80
randomly_assigned_tree	0.4284643796495304	80
randomly_assigned_tree	0.4273855486207069	80
randomly_assigned_tree	0.424086325397431	80
randomly_assigned_tree	0.4278775675695043	80
randomly_assigned_tree	0.4285564635879478	80
randomly_assigned_tree	0.4295666104857198	80
randomly_assigned_tree	0.4283735182124593	80
randomly_assigned_tree	0.4280271815785568	80
randomly_assigned_tree	0.429477186665868	80
randomly_assigned_tree	0.4285637925002648	80
randomly_assigned_tree	0.4278349475579203	80
randomly_assigned_tree	0.4296232817236025	80
randomly_assigned_tree	0.4280749065993809	80
randomly_assigned_tree	0.4272977294756868	80
randomly_assigned_tree	0.4271223251253749	80
randomly_assigned_tree	0.4264948030700555	80
randomly_assigned_tree	0.4265984025445699	80
randomly_assigned_tree	0.4268329025769013	80
randomly_assigned_tree	0.4294286514687404	80
randomly_assigned_tree	0.4275052215742216	80
randomly_assigned_tree	0.4264954739155328	80
randomly_assigned_tree	0.4287063226350487	80
randomly_assigned_tree	0.427808660086329	80
randomly_assigned_tree	0.428850627479726	80
randomly_assigned_tree	0.4275330566928549	80
randomly_assigned_tree	0.4292604898456605	80
randomly_assigned_tree	0.4270776847046521	80
randomly_assigned_tree	0.4261303885455255	80
randomly_assigned_tree	0.4291083955313723	80
randomly_assigned_tree	0.4300538255307802	80
randomly_assigned_tree	0.4247297339116169	80
randomly_assigned_tree	0.4292400496804786	80
randomly_assigned_tree	0.426711694410662	80
randomly_assigned_tree	0.4277524692065124	80
randomly_assigned_tree	0.4251040951685105	80
randomly_assigned_tree	0.4274784349703845	80
randomly_assigned_tree	0.4295922168034696	80
randomly_assigned_tree	0.4303501759643889	80
randomly_assigned_tree	0.4279857695957622	80
randomly_assigned_tree	0.4289629797882512	80
randomly_assigned_tree	0.4264220262575619	80
randomly_assigned_tree	0.4275143518402691	80
randomly_assigned_tree	0.4271920311083842	80
randomly_assigned_tree	0.4306766313364975	80
randomly_assigned_tree	0.4284794860154624	80
randomly_assigned_tree	0.4252696488123708	80
randomly_assigned_tree	0.427916280636766	80
randomly_assigned_tree	0.4284155731653225	80
randomly_assigned_tree	0.4292797652155793	80
randomly_assigned_tree	0.4284944008138256	80
randomly_assigned_tree	0.4291920525741928	80
randomly_assigned_tree	0.4274514654050578	80
randomly_assigned_tree	0.428572839377544	80
randomly_assigned_tree	0.4274635112332354	80
randomly_assigned_tree	0.4279043964863909	80
randomly_assigned_tree	0.4291286104830463	80
randomly_assigned_tree	0.428912822291851	80
randomly_assigned_tree	0.4281849095550831	80
randomly_assigned_tree	0.4269488470063731	80
randomly_assigned_tree	0.4252480193134806	80
randomly_assigned_tree	0.4271794786661319	80
randomly_assigned_tree	0.4284540945151843	80
randomly_assigned_tree	0.427839139331698	80
adjusted_tree	0.2204592815695311	80
adjusted_tree	0.2195722156444694	80
adjusted_tree	0.2212499497508042	80
adjusted_tree	0.2197908286810689	80
adjusted_tree	0.2200076197365747	80
adjusted_tree	0.2198871455682393	80
adjusted_tree	0.2196126148788798	80
adjusted_tree	0.221089921736951	80
adjusted_tree	0.2206686549706713	80
adjusted_tree	0.219592548115806	80
adjusted_tree	0.2206901716922051	80
adjusted_tree	0.220180197439151	80
adjusted_tree	0.2208005482250362	80
adjusted_tree	0.2203794985732529	80
adjusted_tree	0.219735064914608	80
adjusted_tree	0.220862099481705	80
adjusted_tree	0.2198608235843371	80
adjusted_tree	0.2198839864353995	80
adjusted_tree	0.2205054251253529	80
adjusted_tree	0.2198968283565406	80
adjusted_tree	0.2209160775919756	80
adjusted_tree	0.2199733779876355	80
adjusted_tree	0.220274539279344	80
adjusted_tree	0.2203463316397833	80
adjusted_tree	0.2200994388407257	80
adjusted_tree	0.2197941478174078	80
adjusted_tree	0.2208466772538893	80
adjusted_tree	0.2214231219242277	80
adjusted_tree	0.2199673254607816	80
adjusted_tree	0.2192957647252162	80
adjusted_tree	0.2210388723525902	80
adjusted_tree	0.2196463528274684	80
adjusted_tree	0.2200159533567699	80
adjusted_tree	0.2199362475345856	80
adjusted_tree	0.2206197746471746	80
adjusted_tree	0.2207650066482765	80
adjusted_tree	0.220622054655816	80
adjusted_tree	0.2207568480231799	80
adjusted_tree	0.2201869185890801	80
adjusted_tree	0.2191205915791247	80
adjusted_tree	0.2200725166261082	80
adjusted_tree	0.2208172897537801	80
adjusted_tree	0.2201740822837857	80
adjusted_tree	0.2207657533794408	80
adjusted_tree	0.2195297406527591	80
adjusted_tree	0.2200053951935849	80
adjusted_tree	0.2201184997669295	80
adjusted_tree	0.2206354284393045	80
adjusted_tree	0.2196245415300058	80
adjusted_tree	0.2203413391292522	80
adjusted_tree	0.2211868016017426	80
adjusted_tree	0.2197539810057039	80
adjusted_tree	0.2196149360547558	80
adjusted_tree	0.219410739424486	80
adjusted_tree	0.2195940979349117	80
adjusted_tree	0.2201565417788213	80
adjusted_tree	0.2203407872555235	80
adjusted_tree	0.2202341091789635	80
adjusted_tree	0.2199715331373792	80
adjusted_tree	0.2200304187245701	80
adjusted_tree	0.2203677448279473	80
adjusted_tree	0.2198241090280009	80
adjusted_tree	0.2211426994357786	80
adjusted_tree	0.2197024521095009	80
adjusted_tree	0.2199464458316111	80
adjusted_tree	0.2207350227275878	80
adjusted_tree	0.2208341913795203	80
adjusted_tree	0.2192630609496589	80
adjusted_tree	0.2204219886459118	80
adjusted_tree	0.2200907580232371	80
adjusted_tree	0.2202787194771162	80
adjusted_tree	0.2191718303626002	80
adjusted_tree	0.2197279218290154	80
adjusted_tree	0.2211212536069454	80
adjusted_tree	0.221094863740374	80
adjusted_tree	0.2207888850523452	80
adjusted_tree	0.2203110352738723	80
adjusted_tree	0.2197793886982768	80
adjusted_tree	0.2204896378745144	80
adjusted_tree	0.2200132912180411	80
adjusted_tree	0.2203351125612146	80
adjusted_tree	0.2205213826155818	80
adjusted_tree	0.2196449526294273	80
adjusted_tree	0.2201046411018596	80
adjusted_tree	0.2204181032561052	80
adjusted_tree	0.2202883581361427	80
adjusted_tree	0.2208415026012908	80
adjusted_tree	0.219922699891525	80
adjusted_tree	0.2208448543808322	80
adjusted_tree	0.2196929555870296	80
adjusted_tree	0.2200869419741778	80
adjusted_tree	0.219787395715083	80
adjusted_tree	0.2199803913771233	80
adjusted_tree	0.2198636222599668	80
adjusted_tree	0.2198730072456661	80
adjusted_tree	0.2204691681396093	80
adjusted_tree	0.2197295098979259	80
adjusted_tree	0.2199405247589897	80
adjusted_tree	0.2207742580810888	80
adjusted_tree	0.2206514325879246	80
randomized_tree	0.8715088801103231	50
randomized_tree	0.872318018581398	50
randomized_tree	0.8700454256331472	50
randomized_tree	0.8700063670750731	50
randomized_tree	0.8670443719330563	50
randomized_tree	0.8699199145098018	50
randomized_tree	0.8710101088196559	50
randomized_tree	0.8702087317652744	50
randomized_tree	0.8702329864442973	50
randomized_tree	0.8704055592255621	50
randomized_tree	0.8697074986156212	50
randomized_tree	0.8700331880772508	50
randomized_tree	0.8702712156701328	50
randomized_tree	0.868975388227567	50
randomized_tree	0.8665176100651363	50
randomized_tree	0.8696442233547185	50
randomized_tree	0.8691852187739851	50
randomized_tree	0.8684926929972737	50
randomized_tree	0.8717692744252256	50
randomized_tree	0.8696607127508562	50
randomized_tree	0.8677891916172835	50
randomized_tree	0.8673009347642942	50
randomized_tree	0.869330834416632	50
randomized_tree	0.8671948268251483	50
randomized_tree	0.8686249841542241	50
randomized_tree	0.8684645328950975	50
randomized_tree	0.8692917070691698	50
randomized_tree	0.8695197901324465	50
randomized_tree	0.8705045487578237	50
randomized_tree	0.8685693038887944	50
randomized_tree	0.8697513756692874	50
randomized_tree	0.8700709964919439	50
randomized_tree	0.8712336224029894	50
randomized_tree	0.8695683053989975	50
randomized_tree	0.8681746620298195	50
randomized_tree	0.8702677719596705	50
randomized_tree	0.8701176526031665	50
randomized_tree	0.870341168486211	50
randomized_tree	0.8691554662396043	50
randomized_tree	0.8690061080935838	50
randomized_tree	0.8688868329604759	50
randomized_tree	0.8685649814923749	50
randomized_tree	0.8693153736585119	50
randomized_tree	0.8669203154123792	50
randomized_tree	0.8703149264538252	50
randomized_tree	0.8675907669015601	50
randomized_tree	0.8678551929039457	50
randomized_tree	0.8698886506650078	50
randomized_tree	0.8700894465810723	50
randomized_tree	0.868110411020635	50
randomized_tree	0.870375754388326	50
randomized_tree	0.8703968988246609	50
randomized_tree	0.8711407497077314	50
randomized_tree	0.8690481067092128	50
randomized_tree	0.8700018031944385	50
randomized_tree	0.8687987263019096	50
randomized_tree	0.8676150046567674	50
randomized_tree	0.8676024246752282	50
randomized_tree	0.8697190032395311	50
randomized_tree	0.8702198892873168	50
randomized_tree	0.869024543988821	50
randomized_tree	0.8695304535661004	50
randomized_tree	0.8705010417328942	50
randomized_tree	0.8693536923590897	50
randomized_tree	0.8682068173724926	50
randomized_tree	0.871027909131011	50
randomized_tree	0.8676058802168981	50
randomized_tree	0.8677890343319173	50
randomized_tree	0.8691426258050378	50
randomized_tree	0.8700090631258983	50
randomized_tree	0.8702065151760171	50
randomized_tree	0.8716333841012142	50
randomized_tree	0.8687823548176654	50
randomized_tree	0.8702361305440606	50
randomized_tree	0.8708300653945251	50
randomized_tree	0.868996269952541	50
randomized_tree	0.8695189003959217	50
randomized_tree	0.8701546320598514	50
randomized_tree	0.8700515386229455	50
randomized_tree	0.8701096487786074	50
randomized_tree	0.8703992694861731	50
randomized_tree	0.8682545834320066	50
randomized_tree	0.8688516572623112	50
randomized_tree	0.8701332694761905	50
randomized_tree	0.8679461119212571	50
randomized_tree	0.8690021498513655	50
randomized_tree	0.870703842347955	50
randomized_tree	0.8674745155058887	50
randomized_tree	0.8708167681265857	50
randomized_tree	0.8694324713405527	50
randomized_tree	0.8672447504470869	50
randomized_tree	0.8695873217189333	50
randomized_tree	0.869228192677343	50
randomized_tree	0.8709424319862847	50
randomized_tree	0.8701970097979477	50
randomized_tree	0.8681772473718716	50
randomized_tree	0.8688459760315865	50
randomized_tree	0.8693445451281842	50
randomized_tree	0.8703357504724809	50
randomized_tree	0.8691038509939684	50
uniform_tree	0.5631883546061008	50
uniform_tree	0.5627215406980759	50
uniform_tree	0.5622975000650023	50
uniform_tree	0.562267695638766	50
uniform_tree	0.5607638682049391	50
uniform_tree	0.5622774970042811	50
uniform_tree	0.5629021984273593	50
uniform_tree	0.5635263042064352	50
uniform_tree	0.5622935414425295	50
uniform_tree	0.56150241757985	50
uniform_tree	0.5628373564708317	50
uniform_tree	0.5629387420174666	50
uniform_tree	0.5625073947901288	50
uniform_tree	0.5603779025798691	50
uniform_tree	0.5606463495424268	50
uniform_tree	0.5625324843382745	50
uniform_tree	0.5622434241313435	50
uniform_tree	0.5614814967924666	50
uniform_tree	0.5632857057534565	50
uniform_tree	0.5627650189816696	50
uniform_tree	0.5616577442514947	50
uniform_tree	0.5609799222580223	50
uniform_tree	0.5620246462174517	50
uniform_tree	0.5606375039792139	50
uniform_tree	0.5617086446386257	50
uniform_tree	0.5611058580657088	50
uniform_tree	0.5622941727724089	50
uniform_tree	0.5623349210485464	50
uniform_tree	0.5616406981040509	50
uniform_tree	0.561850124492167	50
uniform_tree	0.5613988787226247	50
uniform_tree	0.5615187098978344	50
uniform_tree	0.5627756701231387	50
uniform_tree	0.5618832116409297	50
uniform_tree	0.5617894491526133	50
uniform_tree	0.5622350499573454	50
uniform_tree	0.5623244696887237	50
uniform_tree	0.5616374840819478	50
uniform_tree	0.5620115350134278	50
uniform_tree	0.5612021548811366	50
uniform_tree	0.5617804624122197	50
uniform_tree	0.5616561343985267	50
uniform_tree	0.5623818012084919	50
uniform_tree	0.5606693263796717	50
uniform_tree	0.5622751567987027	50
uniform_tree	0.5613239354778786	50
uniform_tree	0.5607810573998333	50
uniform_tree	0.5611338672285657	50
uniform_tree	0.5631551566959946	50
uniform_tree	0.5626893854261441	50
uniform_tree	0.5626369934180367	50
uniform_tree	0.5623342851483716	50
uniform_tree	0.5615997560354691	50
uniform_tree	0.5631756845457019	50
uniform_tree	0.5627893253743261	50
uniform_tree	0.5616170745724312	50
uniform_tree	0.5605650293214618	50
uniform_tree	0.560881865969146	50
uniform_tree	0.5617849122870137	50
uniform_tree	0.5627787859582913	50
uniform_tree	0.5614549176687499	50
uniform_tree	0.5617083941556276	50
uniform_tree	0.5627928240227916	50
uniform_tree	0.5614995225360226	50
uniform_tree	0.5615485105218689	50
uniform_tree	0.5632340542118637	50
uniform_tree	0.5608451738530889	50
uniform_tree	0.5625262948424808	50
uniform_tree	0.5605599921011154	50
uniform_tree	0.5612384353652358	50
uniform_tree	0.5621580786723706	50
uniform_tree	0.5629151156395125	50
uniform_tree	0.5624024293725607	50
uniform_tree	0.5621148943499387	50
uniform_tree	0.5622699419115206	50
uniform_tree	0.5627277296599107	50
uniform_tree	0.5628081483766665	50
uniform_tree	0.5612640532229058	50
uniform_tree	0.5630315250840409	50
uniform_tree	0.5616616611359936	50
uniform_tree	0.5625663936651941	50
uniform_tree	0.5608286463270494	50
uniform_tree	0.5613412628300423	50
uniform_tree	0.5628291237864419	50
uniform_tree	0.5609580981961702	50
uniform_tree	0.5615357782275359	50
uniform_tree	0.5628978752485654	50
uniform_tree	0.5610950717502207	50
uniform_tree	0.5620554566431153	50
uniform_tree	0.5614136482085661	50
uniform_tree	0.5613883049389723	50
uniform_tree	0.5618591472196074	50
uniform_tree	0.5619297597975295	50
uniform_tree	0.5628072363240267	50
uniform_tree	0.5625439138144325	50
uniform_tree	0.5616612052200719	50
uniform_tree	0.561757344303592	50
uniform_tree	0.5615423131334963	50
uniform_tree	0.5609061807523534	50
uniform_tree	0.5616569790004662	50
deterministic_tree	0.413047404039332	50
deterministic_tree	0.4122141588264046	50
deterministic_tree	0.4132471811002868	50
deterministic_tree	0.4128257390120179	50
deterministic_tree	0.412041890300386	50
deterministic_tree	0.4137331150340745	50
deterministic_tree	0.4129120465858665	50
deterministic_tree	0.4132791637124586	50
deterministic_tree	0.4119707887558272	50
deterministic_tree	0.4126238790218822	50
deterministic_tree	0.4131016271013177	50
deterministic_tree	0.4127636472259299	50
deterministic_tree	0.4129313897990718	50
deterministic_tree	0.4123432567269709	50
deterministic_tree	0.412087484005504	50
deterministic_tree	0.412746147587105	50
deterministic_tree	0.4131699882201047	50
deterministic_tree	0.4129837732121038	50
deterministic_tree	0.4135066404342478	50
deterministic_tree	0.4127511057755415	50
deterministic_tree	0.4128440052991798	50
deterministic_tree	0.4124948860471343	50
deterministic_tree	0.4129623087510816	50
deterministic_tree	0.4123005673765837	50
deterministic_tree	0.4133157422375972	50
deterministic_tree	0.4126120523737649	50
deterministic_tree	0.4130323833973245	50
deterministic_tree	0.4124939433398406	50
deterministic_tree	0.4125894671608434	50
deterministic_tree	0.4136656344520919	50
deterministic_tree	0.4116956845361658	50
deterministic_tree	0.4123108858646047	50
deterministic_tree	0.4130553700362775	50
deterministic_tree	0.4121373757197207	50
deterministic_tree	0.4126728928736491	50
deterministic_tree	0.4128465356604747	50
deterministic_tree	0.4133415470708912	50
deterministic_tree	0.4128906966989339	50
deterministic_tree	0.4124407511455139	50
deterministic_tree	0.4125874610130748	50
deterministic_tree	0.4124423600437176	50
deterministic_tree	0.4131216201747255	50
deterministic_tree	0.4125591774122856	50
deterministic_tree	0.4123782985002597	50
deterministic_tree	0.4123728559769605	50
deterministic_tree	0.4123027091843362	50
deterministic_tree	0.4120930279308193	50
deterministic_tree	0.4128885472747516	50
deterministic_tree	0.413229222877535	50
deterministic_tree	0.4128426866758973	50
deterministic_tree	0.4132177509847872	50
deterministic_tree	0.4127467420778381	50
deterministic_tree	0.4125211365468148	50
deterministic_tree	0.4134163525929928	50
deterministic_tree	0.41332802814734	50
deterministic_tree	0.4128873885253388	50
deterministic_tree	0.4125325311923905	50
deterministic_tree	0.4121613803322176	50
deterministic_tree	0.4128807351637913	50
deterministic_tree	0.4129421851100039	50
deterministic_tree	0.4129570593461843	50
deterministic_tree	0.4124509884121691	50
deterministic_tree	0.4125599638991493	50
deterministic_tree	0.4115371666636395	50
deterministic_tree	0.4127402819204333	50
deterministic_tree	0.4130132470802791	50
deterministic_tree	0.4123990867042594	50
deterministic_tree	0.4128209982208289	50
deterministic_tree	0.4121130426941487	50
deterministic_tree	0.4125584264348033	50
deterministic_tree	0.4131375996465402	50
deterministic_tree	0.4121528263649467	50
deterministic_tree	0.41250270322617	50
deterministic_tree	0.4122640496220143	50
deterministic_tree	0.4131659991237872	50
deterministic_tree	0.4129073307696952	50
deterministic_tree	0.4125820944782625	50
deterministic_tree	0.4123620027124836	50
deterministic_tree	0.4133865850327456	50
deterministic_tree	0.4126436678670682	50
deterministic_tree	0.4124860451743764	50
deterministic_tree	0.4123455732890809	50
deterministic_tree	0.4120516485542886	50
deterministic_tree	0.4134823627426528	50
deterministic_tree	0.4118165481210523	50
deterministic_tree	0.4124421523058565	50
deterministic_tree	0.4129812294187047	50
deterministic_tree	0.4128584260737232	50
deterministic_tree	0.4125501005133428	50
deterministic_tree	0.4120022709246275	50
deterministic_tree	0.4127639633013109	50
deterministic_tree	0.4123835013445525	50
deterministic_tree	0.4120569337924828	50
deterministic_tree	0.412950320872792	50
deterministic_tree	0.412587343903382	50
deterministic_tree	0.4120537062767785	50
deterministic_tree	0.4120207948954889	50
deterministic_tree	0.4124177289130457	50
deterministic_tree	0.4123363426106293	50
deterministic_tree	0.4129698147334971	50
randomly_assigned_tree	0.5917046817467604	50
randomly_assigned_tree	0.5914163843476898	50
randomly_assigned_tree	0.5915662161966094	50
randomly_assigned_tree	0.591596398749913	50
randomly_assigned_tree	0.5898789290990109	50
randomly_assigned_tree	0.5903949521239481	50
randomly_assigned_tree	0.5918353966386178	50
randomly_assigned_tree	0.5938094158757604	50
randomly_assigned_tree	0.5918364981564784	50
randomly_assigned_tree	0.5899287294063015	50
randomly_assigned_tree	0.5919754782374149	50
randomly_assigned_tree	0.5925517478211373	50
randomly_assigned_tree	0.5913155185403787	50
randomly_assigned_tree	0.5882267531690277	50
randomly_assigned_tree	0.5896615673972866	50
randomly_assigned_tree	0.5919194090102029	50
randomly_assigned_tree	0.5902892237192578	50
randomly_assigned_tree	0.5905720636196783	50
randomly_assigned_tree	0.5928822852531863	50
randomly_assigned_tree	0.5926865559333039	50
randomly_assigned_tree	0.5912319616183993	50
randomly_assigned_tree	0.5895418300831606	50
randomly_assigned_tree	0.5908463470043266	50
randomly_assigned_tree	0.5891342597558297	50
randomly_assigned_tree	0.590320828804086	50
randomly_assigned_tree	0.590118082882543	50
randomly_assigned_tree	0.5911777744072133	50
randomly_assigned_tree	0.5921754199748935	50
randomly_assigned_tree	0.5904313347356817	50
randomly_assigned_tree	0.5908080954205427	50
randomly_assigned_tree	0.590743712295259	50
randomly_assigned_tree	0.590539947214829	50
randomly_assigned_tree	0.5923860508705142	50
randomly_assigned_tree	0.5911131833397301	50
randomly_assigned_tree	0.5905162818721377	50
randomly_assigned_tree	0.591225943210953	50
randomly_assigned_tree	0.5905816062557523	50
randomly_assigned_tree	0.5903568321811713	50
randomly_assigned_tree	0.5914192668640719	50
randomly_assigned_tree	0.5903886841082939	50
randomly_assigned_tree	0.5904894893616137	50
randomly_assigned_tree	0.5901657103343869	50
randomly_assigned_tree	0.5914768559557293	50
randomly_assigned_tree	0.5891908615828627	50
randomly_assigned_tree	0.5918124072119528	50
randomly_assigned_tree	0.5901593160910317	50
randomly_assigned_tree	0.5903511223157735	50
randomly_assigned_tree	0.5905890668176784	50
randomly_assigned_tree	0.5915293617282463	50
randomly_assigned_tree	0.5922375199434767	50
randomly_assigned_tree	0.5922652341984679	50
randomly_assigned_tree	0.5912933740591139	50
randomly_assigned_tree	0.5908233273659788	50
randomly_assigned_tree	0.5923861068705562	50
randomly_assigned_tree	0.5917384077448101	50
randomly_assigned_tree	0.5903695150934611	50
randomly_assigned_tree	0.5900844318229368	50
randomly_assigned_tree	0.5900386973581389	50
randomly_assigned_tree	0.5906267064337206	50
randomly_assigned_tree	0.5920334762010383	50
randomly_assigned_tree	0.5904673445365131	50
randomly_assigned_tree	0.590779594907052	50
randomly_assigned_tree	0.5919698882440837	50
randomly_assigned_tree	0.5908570770554579	50
randomly_assigned_tree	0.5900019522037064	50
randomly_assigned_tree	0.5932345952817594	50
randomly_assigned_tree	0.589993738504734	50
randomly_assigned_tree	0.5919757084622002	50
randomly_assigned_tree	0.589267637935743	50
randomly_assigned_tree	0.5901040136666069	50
randomly_assigned_tree	0.5906846029032615	50
randomly_assigned_tree	0.5929174563095997	50
randomly_assigned_tree	0.5917761951536517	50
randomly_assigned_tree	0.5914967486726777	50
randomly_assigned_tree	0.5918280624470996	50
randomly_assigned_tree	0.5920800727940302	50
randomly_assigned_tree	0.5922584883877988	50
randomly_assigned_tree	0.5896383421280693	50
randomly_assigned_tree	0.5917188446018476	50
randomly_assigned_tree	0.590822961297048	50
randomly_assigned_tree	0.5922610770830175	50
randomly_assigned_tree	0.5904495206860709	50
randomly_assigned_tree	0.590005525147955	50
randomly_assigned_tree	0.5924142838678172	50
randomly_assigned_tree	0.5895358173021247	50
randomly_assigned_tree	0.5912872829891348	50
randomly_assigned_tree	0.5922136380123697	50
randomly_assigned_tree	0.5893453856556571	50
randomly_assigned_tree	0.5911932232602904	50
randomly_assigned_tree	0.5907440180797259	50
randomly_assigned_tree	0.5906223537284171	50
randomly_assigned_tree	0.5909855989201027	50
randomly_assigned_tree	0.5911372975928233	50
randomly_assigned_tree	0.5915268541651606	50
randomly_assigned_tree	0.5917968396081722	50
randomly_assigned_tree	0.59040122491703	50
randomly_assigned_tree	0.5914335242687918	50
randomly_assigned_tree	0.5907210513088366	50
randomly_assigned_tree	0.5895152892196847	50
randomly_assigned_tree	0.5909031134656071	50
adjusted_tree	0.4332336410091194	50
adjusted_tree	0.4322299069343477	50
adjusted_tree	0.4331241251636917	50
adjusted_tree	0.4326525801027792	50
adjusted_tree	0.4321377521107788	50
adjusted_tree	0.4334107858896573	50
adjusted_tree	0.4332228730759414	50
adjusted_tree	0.4335977650634137	50
adjusted_tree	0.4324124433191365	50
adjusted_tree	0.4323601253815352	50
adjusted_tree	0.4331167202558534	50
adjusted_tree	0.432724205873051	50
adjusted_tree	0.4328526314752092	50
adjusted_tree	0.4320155001655231	50
adjusted_tree	0.4319921015713813	50
adjusted_tree	0.4327696411917233	50
adjusted_tree	0.4332291626381168	50
adjusted_tree	0.4330090619522682	50
adjusted_tree	0.4335300296834926	50
adjusted_tree	0.4329091194023779	50
adjusted_tree	0.4327816288465965	50
adjusted_tree	0.4322262401277092	50
adjusted_tree	0.4329281571017601	50
adjusted_tree	0.4323083230870135	50
adjusted_tree	0.4330938796279207	50
adjusted_tree	0.4323762555730305	50
adjusted_tree	0.4328936469865579	50
adjusted_tree	0.4324462558827268	50
adjusted_tree	0.4323500833529815	50
adjusted_tree	0.4335550487046277	50
adjusted_tree	0.43170977652823	50
adjusted_tree	0.4322046703735784	50
adjusted_tree	0.4330876230646073	50
adjusted_tree	0.4319771486169204	50
adjusted_tree	0.4325807983628897	50
adjusted_tree	0.4328233927321773	50
adjusted_tree	0.4329653739300475	50
adjusted_tree	0.4327562188665613	50
adjusted_tree	0.4324972220336458	50
adjusted_tree	0.4320079995095536	50
adjusted_tree	0.4325393444097651	50
adjusted_tree	0.4329102824457801	50
adjusted_tree	0.432604472967961	50
adjusted_tree	0.4321175230855034	50
adjusted_tree	0.432325958718	50
adjusted_tree	0.4323023725490624	50
adjusted_tree	0.4323401761052804	50
adjusted_tree	0.4324733729060289	50
adjusted_tree	0.4332943064102215	50
adjusted_tree	0.4330997256423273	50
adjusted_tree	0.4334352458601136	50
adjusted_tree	0.4324606154805571	50
adjusted_tree	0.4324415811341647	50
adjusted_tree	0.4334897375112953	50
adjusted_tree	0.4332880476149649	50
adjusted_tree	0.4329988423079524	50
adjusted_tree	0.4323708363915087	50
adjusted_tree	0.4319785702466076	50
adjusted_tree	0.4326958287500227	50
adjusted_tree	0.4331975817986311	50
adjusted_tree	0.4327262117296534	50
adjusted_tree	0.4326570049662896	50
adjusted_tree	0.4324299333852828	50
adjusted_tree	0.4316392917689494	50
adjusted_tree	0.4324144125053671	50
adjusted_tree	0.4331044194450267	50
adjusted_tree	0.4322504124374359	50
adjusted_tree	0.4328843324095866	50
adjusted_tree	0.4319628630372921	50
adjusted_tree	0.4325422996694292	50
adjusted_tree	0.4326726641301482	50
adjusted_tree	0.4324307668366839	50
adjusted_tree	0.432490744738045	50
adjusted_tree	0.4321461298309444	50
adjusted_tree	0.4330724986798849	50
adjusted_tree	0.4329315560842376	50
adjusted_tree	0.4327150027405089	50
adjusted_tree	0.4322105895864485	50
adjusted_tree	0.4334548979184962	50
adjusted_tree	0.4327543846765754	50
adjusted_tree	0.4327612670672806	50
adjusted_tree	0.431926543462558	50
adjusted_tree	0.4318412551151951	50
adjusted_tree	0.4336209501526658	50
adjusted_tree	0.4318226986172734	50
adjusted_tree	0.4325937587568807	50
adjusted_tree	0.433002874220292	50
adjusted_tree	0.4324880338767059	50
adjusted_tree	0.4323496988822075	50
adjusted_tree	0.4322479286300449	50
adjusted_tree	0.4326640652076414	50
adjusted_tree	0.4323853609199051	50
adjusted_tree	0.4320868566515928	50
adjusted_tree	0.4329840853630914	50
adjusted_tree	0.4327160066691959	50
adjusted_tree	0.4323858271670775	50
adjusted_tree	0.4323672928320066	50
adjusted_tree	0.4323609812088539	50
adjusted_tree	0.4316480541928914	50
adjusted_tree	0.4330867658550501	50
randomized_tree	0.9223529185736375	0
randomized_tree	0.9218884605075908	0
randomized_tree	0.9224287340602586	0
randomized_tree	0.923860741355078	0
randomized_tree	0.9230806412514372	0
randomized_tree	0.9224629194884458	0
randomized_tree	0.922150755696913	0
randomized_tree	0.9227566194950112	0
randomized_tree	0.9231429831550136	0
randomized_tree	0.9229642969893148	0
randomized_tree	0.9223477515208792	0
randomized_tree	0.9223609684728764	0
randomized_tree	0.922781951227202	0
randomized_tree	0.9228425353277904	0
randomized_tree	0.9235594359928462	0
randomized_tree	0.9233143603553396	0
randomized_tree	0.9232751315682388	0
randomized_tree	0.920955577857412	0
randomized_tree	0.9226357000448522	0
randomized_tree	0.9233489521724506	0
randomized_tree	0.9218251449659224	0
randomized_tree	0.9224470907535904	0
randomized_tree	0.9232573203217292	0
randomized_tree	0.923850728246782	0
randomized_tree	0.9229441855538566	0
randomized_tree	0.9242174249295612	0
randomized_tree	0.9231396388241128	0
randomized_tree	0.9225985526679736	0
randomized_tree	0.9221730583637496	0
randomized_tree	0.9222898905816233	0
randomized_tree	0.92287517973284	0
randomized_tree	0.9221666820068292	0
randomized_tree	0.9237992709868444	0
randomized_tree	0.922468757491372	0
randomized_tree	0.9232679160375448	0
randomized_tree	0.922912093804904	0
randomized_tree	0.923274850412768	0
randomized_tree	0.9229842381487984	0
randomized_tree	0.921866636934062	0
randomized_tree	0.9230743258712972	0
randomized_tree	0.9210113202206092	0
randomized_tree	0.9211619218658768	0
randomized_tree	0.9214820859636824	0
randomized_tree	0.9224997076040004	0
randomized_tree	0.9232696852800776	0
randomized_tree	0.9242000001509784	0
randomized_tree	0.9231688053017156	0
randomized_tree	0.921209091017066	0
randomized_tree	0.9227415401514604	0
randomized_tree	0.9246673645811144	0
randomized_tree	0.922730286701012	0
randomized_tree	0.9224009190730906	0
randomized_tree	0.9216323602965834	0
randomized_tree	0.9226298660512116	0
randomized_tree	0.9214046437730148	0
randomized_tree	0.922292887966025	0
randomized_tree	0.9232333725059816	0
randomized_tree	0.9237461964526312	0
randomized_tree	0.9231838224806708	0
randomized_tree	0.9226987934551067	0
randomized_tree	0.924153190608225	0
randomized_tree	0.9229936302212712	0
randomized_tree	0.9220955875628144	0
randomized_tree	0.923613807361756	0
randomized_tree	0.9234479162917936	0
randomized_tree	0.92325304906837	0
randomized_tree	0.9228704577886816	0
randomized_tree	0.9229453255714262	0
randomized_tree	0.92088798764733	0
randomized_tree	0.92373760722149	0
randomized_tree	0.9223272245168032	0
randomized_tree	0.9229303346332136	0
randomized_tree	0.9232525592255242	0
randomized_tree	0.9211266474921403	0
randomized_tree	0.92204453975703	0
randomized_tree	0.9227511004143996	0
randomized_tree	0.9224465877257092	0
randomized_tree	0.923190006603496	0
randomized_tree	0.922292471662008	0
randomized_tree	0.9227922025213736	0
randomized_tree	0.9222871774342718	0
randomized_tree	0.9238080680434604	0
randomized_tree	0.923185455538821	0
randomized_tree	0.9229232991202488	0
randomized_tree	0.923161500247923	0
randomized_tree	0.9218270237258596	0
randomized_tree	0.9224904896424866	0
randomized_tree	0.9223150425185012	0
randomized_tree	0.9219361630586878	0
randomized_tree	0.9224767098586264	0
randomized_tree	0.9228779762694904	0
randomized_tree	0.9224406776282892	0
randomized_tree	0.9227232518821116	0
randomized_tree	0.922068907145472	0
randomized_tree	0.9229514464758908	0
randomized_tree	0.921591275354364	0
randomized_tree	0.9226762781729057	0
randomized_tree	0.9229836322309288	0
randomized_tree	0.9231813270892372	0
randomized_tree	0.9234055114605018	0
uniform_tree	0.7620890551268188	0
uniform_tree	0.762111023208348	0
uniform_tree	0.7623335522113415	0
uniform_tree	0.7625003710585198	0
uniform_tree	0.7622541155666589	0
uniform_tree	0.7622370944855029	0
uniform_tree	0.7622155402380472	0
uniform_tree	0.7621391067585302	0
uniform_tree	0.7623707878193993	0
uniform_tree	0.7619809912291698	0
uniform_tree	0.7621599947783986	0
uniform_tree	0.7619590921792475	0
uniform_tree	0.762776355468252	0
uniform_tree	0.762691773086036	0
uniform_tree	0.7624309614823928	0
uniform_tree	0.7626033068529735	0
uniform_tree	0.7626349018836496	0
uniform_tree	0.7614771759542844	0
uniform_tree	0.762376461596193	0
uniform_tree	0.7624981739296695	0
uniform_tree	0.7616468451068004	0
uniform_tree	0.7623235739165262	0
uniform_tree	0.7625981889999255	0
uniform_tree	0.7628576679479455	0
uniform_tree	0.7619909160041674	0
uniform_tree	0.7629212498919515	0
uniform_tree	0.7623545411286057	0
uniform_tree	0.7624209774851168	0
uniform_tree	0.7621366405040171	0
uniform_tree	0.761990322970089	0
uniform_tree	0.762605073478535	0
uniform_tree	0.7616629133709947	0
uniform_tree	0.7625296757076461	0
uniform_tree	0.7626019354427102	0
uniform_tree	0.7625407529810307	0
uniform_tree	0.7625455831475724	0
uniform_tree	0.7623882170744629	0
uniform_tree	0.7625364297027565	0
uniform_tree	0.7626395476847924	0
uniform_tree	0.7622049747433346	0
uniform_tree	0.7612873766881083	0
uniform_tree	0.7618524897032752	0
uniform_tree	0.7616938492296699	0
uniform_tree	0.762957119992178	0
uniform_tree	0.762289848228466	0
uniform_tree	0.763245107447688	0
uniform_tree	0.7625437271184667	0
uniform_tree	0.762017172847863	0
uniform_tree	0.762056474539175	0
uniform_tree	0.7632435302621632	0
uniform_tree	0.7626783355989779	0
uniform_tree	0.762589661656562	0
uniform_tree	0.7619509108724968	0
uniform_tree	0.7626437761276591	0
uniform_tree	0.7618314922992667	0
uniform_tree	0.7624956519355436	0
uniform_tree	0.76279553277502	0
uniform_tree	0.7622706752138865	0
uniform_tree	0.7618540469325237	0
uniform_tree	0.7623720027434686	0
uniform_tree	0.7622999875290032	0
uniform_tree	0.7620413327849606	0
uniform_tree	0.7621634723927155	0
uniform_tree	0.7624324759776728	0
uniform_tree	0.7626870010476083	0
uniform_tree	0.7625407588183277	0
uniform_tree	0.7623698209855619	0
uniform_tree	0.7627078084589813	0
uniform_tree	0.7619554565048393	0
uniform_tree	0.762531149766112	0
uniform_tree	0.7624725207349254	0
uniform_tree	0.7629429577340169	0
uniform_tree	0.7624011366281047	0
uniform_tree	0.7617561503502408	0
uniform_tree	0.7619228127886553	0
uniform_tree	0.7622319540418963	0
uniform_tree	0.7618344615146316	0
uniform_tree	0.76252742256032	0
uniform_tree	0.7620261351651806	0
uniform_tree	0.7624680289436371	0
uniform_tree	0.7624614763845081	0
uniform_tree	0.7627407707968469	0
uniform_tree	0.7623846841471367	0
uniform_tree	0.7621130194520742	0
uniform_tree	0.7625916082156817	0
uniform_tree	0.7618888903541357	0
uniform_tree	0.762314332683366	0
uniform_tree	0.7618931020192389	0
uniform_tree	0.7619075072007264	0
uniform_tree	0.7622532529668878	0
uniform_tree	0.7624667049781512	0
uniform_tree	0.7624801247292106	0
uniform_tree	0.7621159834638696	0
uniform_tree	0.7619635849638988	0
uniform_tree	0.7621809893203187	0
uniform_tree	0.7624019312946996	0
uniform_tree	0.7625063043176012	0
uniform_tree	0.7624259707959449	0
uniform_tree	0.7628823704427312	0
uniform_tree	0.762559685552522	0
deterministic_tree	0.6769224773890758	0
deterministic_tree	0.6767929820545895	0
deterministic_tree	0.6776982837845854	0
deterministic_tree	0.6765901236351862	0
deterministic_tree	0.6764215735018777	0
deterministic_tree	0.6766230762732864	0
deterministic_tree	0.6768547335061774	0
deterministic_tree	0.6766275303821634	0
deterministic_tree	0.6766912080914039	0
deterministic_tree	0.6765501666856198	0
deterministic_tree	0.6767131791267035	0
deterministic_tree	0.6768995103072422	0
deterministic_tree	0.6770530252834274	0
deterministic_tree	0.6769916217201183	0
deterministic_tree	0.6771401968279589	0
deterministic_tree	0.6769125140523594	0
deterministic_tree	0.6769178982086703	0
deterministic_tree	0.6765843698315188	0
deterministic_tree	0.6770264086856825	0
deterministic_tree	0.6766801740384594	0
deterministic_tree	0.6762215725191161	0
deterministic_tree	0.6770195902315038	0
deterministic_tree	0.6770361237895905	0
deterministic_tree	0.6770919765152519	0
deterministic_tree	0.6763884306814114	0
deterministic_tree	0.6764363137171397	0
deterministic_tree	0.6760490361727772	0
deterministic_tree	0.6768895341194969	0
deterministic_tree	0.6770296432859993	0
deterministic_tree	0.6771155946151469	0
deterministic_tree	0.6770789061057756	0
deterministic_tree	0.676164209958324	0
deterministic_tree	0.6769302650385158	0
deterministic_tree	0.6769291355554766	0
deterministic_tree	0.676694583292296	0
deterministic_tree	0.6768384323961478	0
deterministic_tree	0.6761927741484502	0
deterministic_tree	0.6767320772696338	0
deterministic_tree	0.6770714173059263	0
deterministic_tree	0.6769848135312236	0
deterministic_tree	0.6762977459551478	0
deterministic_tree	0.6765174858013582	0
deterministic_tree	0.6763819310693312	0
deterministic_tree	0.6771093412283293	0
deterministic_tree	0.6768218808403893	0
deterministic_tree	0.6769036784419942	0
deterministic_tree	0.6766606390566295	0
deterministic_tree	0.67655517419561	0
deterministic_tree	0.6762307388087966	0
deterministic_tree	0.6771753965840449	0
deterministic_tree	0.676774063204384	0
deterministic_tree	0.676711473814217	0
deterministic_tree	0.6770061337125032	0
deterministic_tree	0.6767875363712974	0
deterministic_tree	0.6765752163583195	0
deterministic_tree	0.6768980237610012	0
deterministic_tree	0.676511348134182	0
deterministic_tree	0.676771521281207	0
deterministic_tree	0.6767538441969668	0
deterministic_tree	0.677105224640295	0
deterministic_tree	0.6764892346769451	0
deterministic_tree	0.6769896886628795	0
deterministic_tree	0.676752861639576	0
deterministic_tree	0.6767633450088235	0
deterministic_tree	0.6770416266251683	0
deterministic_tree	0.6769954970472126	0
deterministic_tree	0.6768395059035219	0
deterministic_tree	0.67676333661408	0
deterministic_tree	0.6766429776010383	0
deterministic_tree	0.6771017948449978	0
deterministic_tree	0.6769141375290139	0
deterministic_tree	0.6769222858557388	0
deterministic_tree	0.6767035958898623	0
deterministic_tree	0.6765730306523374	0
deterministic_tree	0.6769510062869947	0
deterministic_tree	0.6762120750509637	0
deterministic_tree	0.6764095973633624	0
deterministic_tree	0.6769544794998464	0
deterministic_tree	0.676361091429823	0
deterministic_tree	0.676823869198544	0
deterministic_tree	0.676923060972505	0
deterministic_tree	0.6769206085851717	0
deterministic_tree	0.6768130205981059	0
deterministic_tree	0.6769049447582993	0
deterministic_tree	0.6770844278739853	0
deterministic_tree	0.6766022911006546	0
deterministic_tree	0.6762883834300246	0
deterministic_tree	0.6767939138590134	0
deterministic_tree	0.6765888110725006	0
deterministic_tree	0.6768447185460732	0
deterministic_tree	0.6766373847337935	0
deterministic_tree	0.676963415594788	0
deterministic_tree	0.6766486302118867	0
deterministic_tree	0.6766014023779454	0
deterministic_tree	0.677202032968271	0
deterministic_tree	0.676572746832435	0
deterministic_tree	0.6764289922889869	0
deterministic_tree	0.6767432483282815	0
deterministic_tree	0.6769369296102661	0
deterministic_tree	0.676830281783491	0
randomly_assigned_tree	0.7740779773054473	0
randomly_assigned_tree	0.7744486587368756	0
randomly_assigned_tree	0.7742524678716536	0
randomly_assigned_tree	0.774319586431532	0
randomly_assigned_tree	0.7746564083571496	0
randomly_assigned_tree	0.7741232369774287	0
randomly_assigned_tree	0.7745829443422587	0
randomly_assigned_tree	0.7742900803866146	0
randomly_assigned_tree	0.7744181383015328	0
randomly_assigned_tree	0.7737612372354722	0
randomly_assigned_tree	0.7741198466277766	0
randomly_assigned_tree	0.7743805729404488	0
randomly_assigned_tree	0.7754220325390457	0
randomly_assigned_tree	0.77487530817779	0
randomly_assigned_tree	0.7745175500610785	0
randomly_assigned_tree	0.7745315220157708	0
randomly_assigned_tree	0.7744118423122203	0
randomly_assigned_tree	0.7733445799596474	0
randomly_assigned_tree	0.7751422685261473	0
randomly_assigned_tree	0.7747514344794868	0
randomly_assigned_tree	0.7736700784505388	0
randomly_assigned_tree	0.7744928177662652	0
randomly_assigned_tree	0.7749242307803328	0
randomly_assigned_tree	0.775441271262246	0
randomly_assigned_tree	0.7743116019072025	0
randomly_assigned_tree	0.7757437517584688	0
randomly_assigned_tree	0.7751971972898681	0
randomly_assigned_tree	0.7749365741447515	0
randomly_assigned_tree	0.774013973437883	0
randomly_assigned_tree	0.7742464835635939	0
randomly_assigned_tree	0.7747300270720429	0
randomly_assigned_tree	0.7735611407100805	0
randomly_assigned_tree	0.7743943516985952	0
randomly_assigned_tree	0.7747847297657147	0
randomly_assigned_tree	0.7750412721732198	0
randomly_assigned_tree	0.7751018597100728	0
randomly_assigned_tree	0.7744816773336837	0
randomly_assigned_tree	0.7747310138734562	0
randomly_assigned_tree	0.7752155269747674	0
randomly_assigned_tree	0.7740314373434523	0
randomly_assigned_tree	0.7729201962938674	0
randomly_assigned_tree	0.773750943021996	0
randomly_assigned_tree	0.7744842136835832	0
randomly_assigned_tree	0.7754858467146384	0
randomly_assigned_tree	0.7743886932108077	0
randomly_assigned_tree	0.7756046481375527	0
randomly_assigned_tree	0.7751332616373152	0
randomly_assigned_tree	0.77456396914963	0
randomly_assigned_tree	0.7745254634134408	0
randomly_assigned_tree	0.7756841681737516	0
randomly_assigned_tree	0.7752595258626394	0
randomly_assigned_tree	0.7749527423975497	0
randomly_assigned_tree	0.7740603297096286	0
randomly_assigned_tree	0.7750574151630976	0
randomly_assigned_tree	0.7743952433941108	0
randomly_assigned_tree	0.7749085546716629	0
randomly_assigned_tree	0.7747149675478773	0
randomly_assigned_tree	0.7742488294519265	0
randomly_assigned_tree	0.7739309949638563	0
randomly_assigned_tree	0.7747329502366052	0
randomly_assigned_tree	0.7742691204541774	0
randomly_assigned_tree	0.7737389043672025	0
randomly_assigned_tree	0.7742106940767961	0
randomly_assigned_tree	0.7745747044636349	0
randomly_assigned_tree	0.7749273960602029	0
randomly_assigned_tree	0.7747351038026207	0
randomly_assigned_tree	0.7742235879921031	0
randomly_assigned_tree	0.774800508103687	0
randomly_assigned_tree	0.7741329030727852	0
randomly_assigned_tree	0.7743407407646085	0
randomly_assigned_tree	0.7745603616487651	0
randomly_assigned_tree	0.7750553876637781	0
randomly_assigned_tree	0.7750660567504931	0
randomly_assigned_tree	0.773436373709616	0
randomly_assigned_tree	0.7735397079386798	0
randomly_assigned_tree	0.7748222542158507	0
randomly_assigned_tree	0.774191545025403	0
randomly_assigned_tree	0.77459138072197	0
randomly_assigned_tree	0.773843840325252	0
randomly_assigned_tree	0.7744196994133773	0
randomly_assigned_tree	0.7746833609370029	0
randomly_assigned_tree	0.7748360884698754	0
randomly_assigned_tree	0.7744089768521689	0
randomly_assigned_tree	0.7742518387438699	0
randomly_assigned_tree	0.774632604704305	0
randomly_assigned_tree	0.7741074447088633	0
randomly_assigned_tree	0.7745934391267538	0
randomly_assigned_tree	0.774167880291001	0
randomly_assigned_tree	0.774162155987256	0
randomly_assigned_tree	0.7744932506617301	0
randomly_assigned_tree	0.7749423926258244	0
randomly_assigned_tree	0.7749181358076779	0
randomly_assigned_tree	0.7745807025441951	0
randomly_assigned_tree	0.7739317868287491	0
randomly_assigned_tree	0.7742603226775451	0
randomly_assigned_tree	0.7746685165831678	0
randomly_assigned_tree	0.7747176094592878	0
randomly_assigned_tree	0.7743780720695129	0
randomly_assigned_tree	0.7748327825085187	0
randomly_assigned_tree	0.7742209686027985	0
adjusted_tree	0.6883330552687386	0
adjusted_tree	0.6882346785392554	0
adjusted_tree	0.6891573287241957	0
adjusted_tree	0.6880507662273329	0
adjusted_tree	0.6880949466307743	0
adjusted_tree	0.6882415666667121	0
adjusted_tree	0.6883456814230066	0
adjusted_tree	0.6881785931074645	0
adjusted_tree	0.6882043713606741	0
adjusted_tree	0.6878975253815931	0
adjusted_tree	0.6883338236355759	0
adjusted_tree	0.688477313756299	0
adjusted_tree	0.6887036471539645	0
adjusted_tree	0.688546640183426	0
adjusted_tree	0.6885121268241565	0
adjusted_tree	0.6884016670245454	0
adjusted_tree	0.6885937407033035	0
adjusted_tree	0.6880266063128125	0
adjusted_tree	0.6885312403349496	0
adjusted_tree	0.6883361867641185	0
adjusted_tree	0.6877965470365416	0
adjusted_tree	0.6886540452529397	0
adjusted_tree	0.6885822308679752	0
adjusted_tree	0.6886650005556535	0
adjusted_tree	0.6879714968425529	0
adjusted_tree	0.6880854555415961	0
adjusted_tree	0.6876521134974282	0
adjusted_tree	0.6884140321509672	0
adjusted_tree	0.6883512961450687	0
adjusted_tree	0.6886312338390946	0
adjusted_tree	0.6886783076815481	0
adjusted_tree	0.687681445492045	0
adjusted_tree	0.6883646816868133	0
adjusted_tree	0.6884311723502107	0
adjusted_tree	0.6883866116404941	0
adjusted_tree	0.6882548600610962	0
adjusted_tree	0.6878281591815602	0
adjusted_tree	0.6881481328137903	0
adjusted_tree	0.6885421030826505	0
adjusted_tree	0.688354357985634	0
adjusted_tree	0.6877111778207515	0
adjusted_tree	0.6879555002637042	0
adjusted_tree	0.6877507239769094	0
adjusted_tree	0.6887006062924353	0
adjusted_tree	0.6885789422976797	0
adjusted_tree	0.6885540049014186	0
adjusted_tree	0.6883599625782094	0
adjusted_tree	0.6882016257192701	0
adjusted_tree	0.6876113612330802	0
adjusted_tree	0.6886593714263065	0
adjusted_tree	0.6884878046260325	0
adjusted_tree	0.6883318869924173	0
adjusted_tree	0.6884536709633379	0
adjusted_tree	0.6883127784222394	0
adjusted_tree	0.6881100731653848	0
adjusted_tree	0.6884957023393053	0
adjusted_tree	0.688113429672675	0
adjusted_tree	0.6882507369784459	0
adjusted_tree	0.6883588456087815	0
adjusted_tree	0.6886411320297419	0
adjusted_tree	0.6879743590503336	0
adjusted_tree	0.6883815032133641	0
adjusted_tree	0.6882681314257829	0
adjusted_tree	0.6882346456439372	0
adjusted_tree	0.6886218430675582	0
adjusted_tree	0.6885707773815656	0
adjusted_tree	0.6884004107699531	0
adjusted_tree	0.6883072526338551	0
adjusted_tree	0.6879839366067391	0
adjusted_tree	0.6884763200091671	0
adjusted_tree	0.6884096990100241	0
adjusted_tree	0.6884875793308415	0
adjusted_tree	0.6883390461949993	0
adjusted_tree	0.6881437787019182	0
adjusted_tree	0.6882977694990204	0
adjusted_tree	0.6877434334528237	0
adjusted_tree	0.6879272639448817	0
adjusted_tree	0.6884293304992041	0
adjusted_tree	0.6878420669069827	0
adjusted_tree	0.6883448918283607	0
adjusted_tree	0.6884745002083568	0
adjusted_tree	0.6884321550155426	0
adjusted_tree	0.6883644619868169	0
adjusted_tree	0.6884398202234783	0
adjusted_tree	0.6884957402816039	0
adjusted_tree	0.6879450510520855	0
adjusted_tree	0.6878677432556723	0
adjusted_tree	0.6882985612351209	0
adjusted_tree	0.6881344501807769	0
adjusted_tree	0.6882486740952831	0
adjusted_tree	0.6883313752268766	0
adjusted_tree	0.6884254771512218	0
adjusted_tree	0.6881403298902515	0
adjusted_tree	0.6881949614571752	0
adjusted_tree	0.6885144759529075	0
adjusted_tree	0.6880060582143238	0
adjusted_tree	0.6881308715642572	0
adjusted_tree	0.6883710019341348	0
adjusted_tree	0.6885065812393034	0
adjusted_tree	0.6882246203502185	0
randomized_tree_2	0.755915993596608	80
randomized_tree_2	0.7550723567419323	80
randomized_tree_2	0.7555423990813921	80
randomized_tree_2	0.7559017125148101	80
randomized_tree_2	0.7551391578006283	80
randomized_tree_2	0.7550727779644645	80
randomized_tree_2	0.7517611418077466	80
randomized_tree_2	0.7572754523205764	80
randomized_tree_2	0.7593120938960191	80
randomized_tree_2	0.7532616094430642	80
randomized_tree_2	0.7563599904603372	80
randomized_tree_2	0.7598483437596029	80
randomized_tree_2	0.7553803880710461	80
randomized_tree_2	0.7554639570603936	80
randomized_tree_2	0.7548371751048066	80
randomized_tree_2	0.7560354713139056	80
randomized_tree_2	0.7534449687644589	80
randomized_tree_2	0.7552086708202893	80
randomized_tree_2	0.7583719592936201	80
randomized_tree_2	0.7570444363238558	80
randomized_tree_2	0.757093029938159	80
randomized_tree_2	0.7579008391216011	80
randomized_tree_2	0.7562017798822176	80
randomized_tree_2	0.7533898215456958	80
randomized_tree_2	0.7552919132395586	80
randomized_tree_2	0.7573016205186883	80
randomized_tree_2	0.7609301248373318	80
randomized_tree_2	0.7603065953295886	80
randomized_tree_2	0.75485080422426	80
randomized_tree_2	0.7537146407426287	80
randomized_tree_2	0.7543819515433845	80
randomized_tree_2	0.7584979505072579	80
randomized_tree_2	0.756280042317412	80
randomized_tree_2	0.7565480309912028	80
randomized_tree_2	0.7568221620292939	80
randomized_tree_2	0.7571590497170925	80
randomized_tree_2	0.7543706772389897	80
randomized_tree_2	0.7573752018743845	80
randomized_tree_2	0.7550779688510364	80
randomized_tree_2	0.7511706820653026	80
randomized_tree_2	0.7525834072234996	80
randomized_tree_2	0.756959998813671	80
randomized_tree_2	0.7569289660655646	80
randomized_tree_2	0.7556645840450328	80
randomized_tree_2	0.753626771404679	80
randomized_tree_2	0.7606968012521698	80
randomized_tree_2	0.7563136739050207	80
randomized_tree_2	0.7587312339111523	80
randomized_tree_2	0.7569638452049346	80
randomized_tree_2	0.7527364715134314	80
randomized_tree_2	0.7567606077385582	80
randomized_tree_2	0.7557315686616465	80
randomized_tree_2	0.7572191499179737	80
randomized_tree_2	0.75475838447729	80
randomized_tree_2	0.7570065131223735	80
randomized_tree_2	0.7595567959040918	80
randomized_tree_2	0.7581556080827232	80
randomized_tree_2	0.7544452050532281	80
randomized_tree_2	0.7574931452937591	80
randomized_tree_2	0.7557219804426636	80
randomized_tree_2	0.7557791308002468	80
randomized_tree_2	0.7552613912549446	80
randomized_tree_2	0.7572094185376828	80
randomized_tree_2	0.7547951396957386	80
randomized_tree_2	0.756620906860483	80
randomized_tree_2	0.7544154184173568	80
randomized_tree_2	0.7579690793289195	80
randomized_tree_2	0.7521277649657172	80
randomized_tree_2	0.7563309492105437	80
randomized_tree_2	0.7542897620455488	80
randomized_tree_2	0.7601645742126755	80
randomized_tree_2	0.7514479059183714	80
randomized_tree_2	0.751345818476851	80
randomized_tree_2	0.7556874408027732	80
randomized_tree_2	0.7599690260067565	80
randomized_tree_2	0.7553049691953178	80
randomized_tree_2	0.7572324192848419	80
randomized_tree_2	0.7558161488523902	80
randomized_tree_2	0.7560983523087161	80
randomized_tree_2	0.7573832453909168	80
randomized_tree_2	0.7606054141979837	80
randomized_tree_2	0.7566284598773229	80
randomized_tree_2	0.7524899216809235	80
randomized_tree_2	0.7555192706762912	80
randomized_tree_2	0.7548407630098738	80
randomized_tree_2	0.7571217365176554	80
randomized_tree_2	0.7519358887285768	80
randomized_tree_2	0.755610855566771	80
randomized_tree_2	0.7560449420471952	80
randomized_tree_2	0.7553190277816338	80
randomized_tree_2	0.758086119887697	80
randomized_tree_2	0.7536396968749541	80
randomized_tree_2	0.7520247366069063	80
randomized_tree_2	0.7575363218495222	80
randomized_tree_2	0.7568467387549093	80
randomized_tree_2	0.7552232514446255	80
randomized_tree_2	0.7565662668271464	80
randomized_tree_2	0.7530125450577213	80
randomized_tree_2	0.7579076058574914	80
randomized_tree_2	0.7562371235912647	80
randomized_tree_2	0.8715117407533083	50
randomized_tree_2	0.8723206335193302	50
randomized_tree_2	0.8700471391104735	50
randomized_tree_2	0.8700036946175241	50
randomized_tree_2	0.8670418286647781	50
randomized_tree_2	0.8699241998754155	50
randomized_tree_2	0.8710152966331275	50
randomized_tree_2	0.8702075654986743	50
randomized_tree_2	0.870233343996611	50
randomized_tree_2	0.8704088795157807	50
randomized_tree_2	0.8697093655181354	50
randomized_tree_2	0.8700340857027491	50
randomized_tree_2	0.8702693620316309	50
randomized_tree_2	0.8689800145702339	50
randomized_tree_2	0.8665171849842763	50
randomized_tree_2	0.8696437915769616	50
randomized_tree_2	0.8691836042966021	50
randomized_tree_2	0.868495628487958	50
randomized_tree_2	0.8717730478754864	50
randomized_tree_2	0.8696561108039603	50
randomized_tree_2	0.8677888574292913	50
randomized_tree_2	0.867304043865015	50
randomized_tree_2	0.8693309540870107	50
randomized_tree_2	0.8671956707086929	50
randomized_tree_2	0.8686234666610275	50
randomized_tree_2	0.8684651739025907	50
randomized_tree_2	0.8692888014840332	50
randomized_tree_2	0.8695149258437366	50
randomized_tree_2	0.8705006059686454	50
randomized_tree_2	0.8685705149675452	50
randomized_tree_2	0.8697532279465753	50
randomized_tree_2	0.8700685043074138	50
randomized_tree_2	0.8712359916703519	50
randomized_tree_2	0.8695750066945197	50
randomized_tree_2	0.8681805636546563	50
randomized_tree_2	0.8702663702463121	50
randomized_tree_2	0.870118643250995	50
randomized_tree_2	0.870341164563704	50
randomized_tree_2	0.86915490802872	50
randomized_tree_2	0.8690078450676739	50
randomized_tree_2	0.8688899641845539	50
randomized_tree_2	0.8685670550359171	50
randomized_tree_2	0.8693153874799969	50
randomized_tree_2	0.8669216771427061	50
randomized_tree_2	0.8703156239571974	50
randomized_tree_2	0.8675915556955374	50
randomized_tree_2	0.8678537483055745	50
randomized_tree_2	0.8698901858161205	50
randomized_tree_2	0.8700910585600782	50
randomized_tree_2	0.8681063606362893	50
randomized_tree_2	0.8703788070741075	50
randomized_tree_2	0.8703972459157258	50
randomized_tree_2	0.8711434273723816	50
randomized_tree_2	0.8690463761798379	50
randomized_tree_2	0.8700017738802112	50
randomized_tree_2	0.8687998099009198	50
randomized_tree_2	0.8676136402050537	50
randomized_tree_2	0.867604057759519	50
randomized_tree_2	0.8697228070413368	50
randomized_tree_2	0.8702191974814812	50
randomized_tree_2	0.8690335098214165	50
randomized_tree_2	0.8695325846208223	50
randomized_tree_2	0.8705035975019926	50
randomized_tree_2	0.8693564614888603	50
randomized_tree_2	0.8682068553477581	50
randomized_tree_2	0.8710290897431545	50
randomized_tree_2	0.8676064505523732	50
randomized_tree_2	0.8677849907583073	50
randomized_tree_2	0.8691451460411161	50
randomized_tree_2	0.8700120083881555	50
randomized_tree_2	0.8702074850817919	50
randomized_tree_2	0.8716306545562147	50
randomized_tree_2	0.8687797536460069	50
randomized_tree_2	0.8702339811271473	50
randomized_tree_2	0.8708312843444681	50
randomized_tree_2	0.8689948797284217	50
randomized_tree_2	0.8695151818396645	50
randomized_tree_2	0.8701596876765114	50
randomized_tree_2	0.87005258768961	50
randomized_tree_2	0.8701075042486829	50
randomized_tree_2	0.870399399134422	50
randomized_tree_2	0.868250926235511	50
randomized_tree_2	0.8688597760835808	50
randomized_tree_2	0.8701350340540066	50
randomized_tree_2	0.8679443745540805	50
randomized_tree_2	0.8690013407804149	50
randomized_tree_2	0.8707036817240404	50
randomized_tree_2	0.8674766805995329	50
randomized_tree_2	0.8708155320177902	50
randomized_tree_2	0.8694356337685692	50
randomized_tree_2	0.8672415694208013	50
randomized_tree_2	0.8695903760838785	50
randomized_tree_2	0.8692282532636538	50
randomized_tree_2	0.8709461785517925	50
randomized_tree_2	0.8702012859777875	50
randomized_tree_2	0.8681816161847595	50
randomized_tree_2	0.8688460913427657	50
randomized_tree_2	0.8693473727406468	50
randomized_tree_2	0.8703353544790966	50
randomized_tree_2	0.8691036569217032	50
randomized_tree_2	0.922379242066226	0
randomized_tree_2	0.9219127933361476	0
randomized_tree_2	0.9224508303340732	0
randomized_tree_2	0.9238897497033766	0
randomized_tree_2	0.9231041677394256	0
randomized_tree_2	0.9224895415445348	0
randomized_tree_2	0.9221746781066852	0
randomized_tree_2	0.922783839205996	0
randomized_tree_2	0.9231688513292424	0
randomized_tree_2	0.9229931104789572	0
randomized_tree_2	0.9223731796226322	0
randomized_tree_2	0.9223847081934712	0
randomized_tree_2	0.9228064064503436	0
randomized_tree_2	0.9228691982902438	0
randomized_tree_2	0.9235856817167244	0
randomized_tree_2	0.9233391043182656	0
randomized_tree_2	0.923302449859454	0
randomized_tree_2	0.9209812074932402	0
randomized_tree_2	0.9226605027327296	0
randomized_tree_2	0.9233735066545888	0
randomized_tree_2	0.9218531012048112	0
randomized_tree_2	0.922472742428639	0
randomized_tree_2	0.923280627152654	0
randomized_tree_2	0.9238748728448708	0
randomized_tree_2	0.9229683069374436	0
randomized_tree_2	0.9242439303136808	0
randomized_tree_2	0.9231624336925228	0
randomized_tree_2	0.9226220574976846	0
randomized_tree_2	0.9221970158689452	0
randomized_tree_2	0.9223166792996952	0
randomized_tree_2	0.9229012403056366	0
randomized_tree_2	0.9221919422935584	0
randomized_tree_2	0.9238290131212789	0
randomized_tree_2	0.9224936566572738	0
randomized_tree_2	0.9232918042012674	0
randomized_tree_2	0.9229375655231856	0
randomized_tree_2	0.9232983058289976	0
randomized_tree_2	0.9230064964202545	0
randomized_tree_2	0.9218913961115082	0
randomized_tree_2	0.9230994823947012	0
randomized_tree_2	0.9210366602916576	0
randomized_tree_2	0.921187634670396	0
randomized_tree_2	0.9215068650398354	0
randomized_tree_2	0.922526696017955	0
randomized_tree_2	0.923294593364554	0
randomized_tree_2	0.9242253999366434	0
randomized_tree_2	0.9231913941449188	0
randomized_tree_2	0.9212342639455235	0
randomized_tree_2	0.92276560363123	0
randomized_tree_2	0.9246917715346834	0
randomized_tree_2	0.9227537201358192	0
randomized_tree_2	0.9224285178096526	0
randomized_tree_2	0.9216585615620912	0
randomized_tree_2	0.9226549424637792	0
randomized_tree_2	0.9214303497493276	0
randomized_tree_2	0.9223181679911902	0
randomized_tree_2	0.9232612659951	0
randomized_tree_2	0.9237702180519304	0
randomized_tree_2	0.9232079042322906	0
randomized_tree_2	0.9227256552577622	0
randomized_tree_2	0.9241778681932692	0
randomized_tree_2	0.923018288542828	0
randomized_tree_2	0.9221205138599712	0
randomized_tree_2	0.9236399850980318	0
randomized_tree_2	0.923473028935122	0
randomized_tree_2	0.9232797955364636	0
randomized_tree_2	0.922894493656532	0
randomized_tree_2	0.9229701312273456	0
randomized_tree_2	0.9209141129098378	0
randomized_tree_2	0.923763449945568	0
randomized_tree_2	0.9223507772706792	0
randomized_tree_2	0.9229596733071492	0
randomized_tree_2	0.9232772630547548	0
randomized_tree_2	0.9211532786500588	0
randomized_tree_2	0.922071128308238	0
randomized_tree_2	0.922776420035317	0
randomized_tree_2	0.9224739761585816	0
randomized_tree_2	0.9232123650151212	0
randomized_tree_2	0.922317151911889	0
randomized_tree_2	0.9228157963253352	0
randomized_tree_2	0.9223119147644396	0
randomized_tree_2	0.9238331145793228	0
randomized_tree_2	0.9232118613399836	0
randomized_tree_2	0.92294851503427	0
randomized_tree_2	0.9231857878321108	0
randomized_tree_2	0.9218503920011816	0
randomized_tree_2	0.9225149920385514	0
randomized_tree_2	0.9223392000730812	0
randomized_tree_2	0.9219627947855544	0
randomized_tree_2	0.922498364933586	0
randomized_tree_2	0.9229035443876284	0
randomized_tree_2	0.9224668851936744	0
randomized_tree_2	0.9227514961931146	0
randomized_tree_2	0.92209438915923	0
randomized_tree_2	0.9229764044378896	0
randomized_tree_2	0.921614329762739	0
randomized_tree_2	0.9227022123633613	0
randomized_tree_2	0.9230083733685244	0
randomized_tree_2	0.9232057178217796	0
randomized_tree_2	0.9234335636753908	0
