intersect_bp,f_orig_query,f_match,f_unique_to_query,f_unique_weighted,average_abund,median_abund,std_abund,filename,name,md5,f_match_orig,unique_intersect_bp,gather_result_rank,remaining_bp,query_filename,query_name,query_md5,query_bp,ksize,moltype,scaled,query_n_hashes,query_abundance,query_containment_ani,match_containment_ani,average_containment_ani,max_containment_ani,potential_false_negative
1357700,0.5338759781369196,0.6967924044136515,0.5338759781369196,0.7396857803535886,59.56102231715401,3.0,2796.5999054446493,/data/shared_data/KEGG_data/sourmash_sketches/output_KOs/KOs_sketched/KOs_sketched_scaled_100.sig.zip,ko:K02014,5e6b8f90686d0551049c22361a1de0cd,0.6967924044136515,1357700,0,630800,/data/dmk333/temp/FreshFun/FunUniFrac/experiments/QIITA_study/joined/EGAF00002727214.fastq,,7d562b10,2543100,5,protein,100,25431,True,0.9265218049230441,0.9302949888345087,0.9284083968787764,0.9302949888345087,False
1240000,0.48759388148322913,0.1227384148476713,0.082694349416067,0.029838609354876477,15.511650023775559,3.0,177.46332119150367,/data/shared_data/KEGG_data/sourmash_sketches/output_KOs/KOs_sketched/KOs_sketched_scaled_100.sig.zip,ko:K12132,d8a8adeb772ecf49409662e13af4b789,0.723707248745185,210300,1,420500,/data/dmk333/temp/FreshFun/FunUniFrac/experiments/QIITA_study/joined/EGAF00002727214.fastq,,7d562b10,2543100,5,protein,100,25431,True,0.9098697321428819,0.9373733119526338,0.9236215220477579,0.9373733119526338,False
1259800,0.49537965475207424,0.05310734463276836,0.03696276198340608,0.006061753600280997,7.05,2.0,28.389289447239587,/data/shared_data/KEGG_data/sourmash_sketches/output_KOs/KOs_sketched/KOs_sketched_scaled_100.sig.zip,ko:K02004,5fb1f7596c0118aabb244a220b3a82fa,0.7117514124293786,94000,2,326500,/data/dmk333/temp/FreshFun/FunUniFrac/experiments/QIITA_study/joined/EGAF00002727214.fastq,,7d562b10,2543100,5,protein,100,25431,True,0.9127570619324543,0.9342555092329382,0.9235062855826963,0.9342555092329382,False
1165200,0.4581809602453698,0.031496062992125984,0.020132908654791396,0.003256351715255825,6.953125,2.0,35.06324851585168,/data/shared_data/KEGG_data/sourmash_sketches/output_KOs/KOs_sketched/KOs_sketched_scaled_100.sig.zip,ko:K20276,1b86018ba987bbdaeb63bae2f7853d83,0.7167814960629921,51200,3,275300,/data/dmk333/temp/FreshFun/FunUniFrac/experiments/QIITA_study/joined/EGAF00002727214.fastq,,7d562b10,2543100,5,protein,100,25431,True,0.8986177155646444,0.9355723046031462,0.9170950100838953,0.9355723046031462,False
1178300,0.46333215367071684,0.022469846323394355,0.014431206008414927,0.0016858023065214845,5.021798365122616,2.0,11.237809091150849,/data/shared_data/KEGG_data/sourmash_sketches/output_KOs/KOs_sketched/KOs_sketched_scaled_100.sig.zip,ko:K03406,95fe9eb788ba7b09adf12cc028557118,0.7214228861813506,36700,4,238600,/data/dmk333/temp/FreshFun/FunUniFrac/experiments/QIITA_study/joined/EGAF00002727214.fastq,,7d562b10,2543100,5,protein,100,25431,True,0.9006292684706612,0.9367808046313141,0.9187050365509877,0.9367808046313141,False
945600,0.3718296567181786,0.021757712331960527,0.011010184420589045,0.1731565024587285,676.0821428571429,2.0,11026.135768046548,/data/shared_data/KEGG_data/sourmash_sketches/output_KOs/KOs_sketched/KOs_sketched_scaled_100.sig.zip,ko:K01897,8107c30a826017ac989cb7b0310ba13b,0.7347890278964955,28000,5,210600,/data/dmk333/temp/FreshFun/FunUniFrac/experiments/QIITA_study/joined/EGAF00002727214.fastq,,7d562b10,2543100,5,protein,100,25431,True,0.8618593026716999,0.940226597527166,0.9010429500994329,0.940226597527166,False
1024500,0.4028547835319099,0.016600505232767952,0.009044080059769572,0.0022437726846973424,10.665217391304347,2.0,74.85037892324087,/data/shared_data/KEGG_data/sourmash_sketches/output_KOs/KOs_sketched/KOs_sketched_scaled_100.sig.zip,ko:K01992,7706641a8bf77c209648b05570650690,0.7394442439552508,23000,6,187600,/data/dmk333/temp/FreshFun/FunUniFrac/experiments/QIITA_study/joined/EGAF00002727214.fastq,,7d562b10,2543100,5,protein,100,25431,True,0.8757845380811115,0.941414940786389,0.9085997394337502,0.941414940786389,False
778800,0.306240415241241,0.016847983055742755,0.006881365262868153,0.0017077552394333217,10.668571428571429,2.0,66.9621119799572,/data/shared_data/KEGG_data/sourmash_sketches/output_KOs/KOs_sketched/KOs_sketched_scaled_100.sig.zip,ko:K07497,41f716ce938b3e704de0fe4ddcaa08e7,0.7497833830749976,17500,7,170100,/data/dmk333/temp/FreshFun/FunUniFrac/experiments/QIITA_study/joined/EGAF00002727214.fastq,,7d562b10,2543100,5,protein,100,25431,True,0.8290487512898225,0.9440329702378281,0.8865408607638252,0.9440329702378281,False
960800,0.3778066139750698,0.011141847241432303,0.00570170264637647,0.0007107262030207236,5.358620689655172,2.0,9.97768258773754,/data/shared_data/KEGG_data/sourmash_sketches/output_KOs/KOs_sketched/KOs_sketched_scaled_100.sig.zip,ko:K03657,95be6c33f8b67202bed209eab2cffe00,0.7382818503150453,14500,8,155600,/data/dmk333/temp/FreshFun/FunUniFrac/experiments/QIITA_study/joined/EGAF00002727214.fastq,,7d562b10,2543100,5,protein,100,25431,True,0.8646124399302664,0.9411187768812309,0.9028656084057487,0.9411187768812309,False
979600,0.385199166371751,0.009001928984782453,0.00495458298926507,0.0004966851071303126,4.309523809523809,2.0,10.256600109441171,/data/shared_data/KEGG_data/sourmash_sketches/output_KOs/KOs_sketched/KOs_sketched_scaled_100.sig.zip,ko:K21572,d6ec43b12728168f0122791433548ed7,0.6998642566264199,12600,9,143000,/data/dmk333/temp/FreshFun/FunUniFrac/experiments/QIITA_study/joined/EGAF00002727214.fastq,,7d562b10,2543100,5,protein,100,25431,True,0.8679698430858882,0.9311137987416161,0.8995418209137522,0.9311137987416161,False
806400,0.3170933113129645,0.010386887745378312,0.00428610750658645,0.0007281056082425946,7.302752293577981,2.0,16.832419891309662,/data/shared_data/KEGG_data/sourmash_sketches/output_KOs/KOs_sketched/KOs_sketched_scaled_100.sig.zip,ko:K02238,6b2cbcb39051894b2b70ad54f282ce16,0.7684391080617495,10900,10,132100,/data/dmk333/temp/FreshFun/FunUniFrac/experiments/QIITA_study/joined/EGAF00002727214.fastq,,7d562b10,2543100,5,protein,100,25431,True,0.8348433358540408,0.948684689809599,0.8917640128318198,0.948684689809599,False
1107500,0.4354921159215131,0.005781815871402249,0.0035783099366914397,0.00040429984779299846,4.857142857142857,2.0,14.18834952228077,/data/shared_data/KEGG_data/sourmash_sketches/output_KOs/KOs_sketched/KOs_sketched_scaled_100.sig.zip,ko:K02035,0fd5fbbad3e758d91630d79013071a7d,0.7036660524810979,9100,11,123000,/data/dmk333/temp/FreshFun/FunUniFrac/experiments/QIITA_study/joined/EGAF00002727214.fastq,,7d562b10,2543100,5,protein,100,25431,True,0.8895362027912395,0.9321232052794212,0.9108297040353304,0.9321232052794212,False
482800,0.18984703708072825,0.012224162565486585,0.0030278007156619873,0.0003850910314951411,5.467532467532467,2.0,13.851329736517178,/data/shared_data/KEGG_data/sourmash_sketches/output_KOs/KOs_sketched/KOs_sketched_scaled_100.sig.zip,ko:K07496,d40e5d79876e75fa8ca5c090c36b9aab,0.7664708683918082,7700,12,115300,/data/dmk333/temp/FreshFun/FunUniFrac/experiments/QIITA_study/joined/EGAF00002727214.fastq,,7d562b10,2543100,5,protein,100,25431,True,0.7534394103596078,0.9481982088833887,0.8508188096214983,0.9481982088833887,False
823500,0.3238173882269671,0.006414368184733804,0.0027525461051472614,0.00029087636108184056,4.542857142857143,2.0,9.833885606536665,/data/shared_data/KEGG_data/sourmash_sketches/output_KOs/KOs_sketched/KOs_sketched_scaled_100.sig.zip,ko:K02529,911bf727ac373cb67911ac6ea3623865,0.7546046000183267,7000,13,108300,/data/dmk333/temp/FreshFun/FunUniFrac/experiments/QIITA_study/joined/EGAF00002727214.fastq,,7d562b10,2543100,5,protein,100,25431,True,0.8383543104649945,0.9452439136596019,0.8917991120622982,0.9452439136596019,False
781900,0.3074593999449491,0.005588673621460507,0.0023593252329833668,0.0001591587636108184,2.9,1.0,6.147357155721474,/data/shared_data/KEGG_data/sourmash_sketches/output_KOs/KOs_sketched/KOs_sketched_scaled_100.sig.zip,ko:K01190,041027d2ba30cfb97b6fd99630bc6603,0.7282973174366617,6000,14,102300,/data/dmk333/temp/FreshFun/FunUniFrac/experiments/QIITA_study/joined/EGAF00002727214.fastq,,7d562b10,2543100,5,protein,100,25431,True,0.8297077057985678,0.9385593533095392,0.8841335295540536,0.9385593533095392,False
587100,0.23085997404742245,0.007686191359660748,0.0022806810585505877,0.00024056755649221403,4.5344827586206895,1.5,12.691587652703442,/data/shared_data/KEGG_data/sourmash_sketches/output_KOs/KOs_sketched/KOs_sketched_scaled_100.sig.zip,ko:K04066,db2104c92bce85d091b4fb9da7ef4812,0.7780280943546249,5800,15,96500,/data/dmk333/temp/FreshFun/FunUniFrac/experiments/QIITA_study/joined/EGAF00002727214.fastq,,7d562b10,2543100,5,protein,100,25431,True,0.783496926234098,0.9510405967215219,0.8672687614778098,0.9510405967215219,False
736200,0.2894892060870591,0.005254117409315954,0.0020447485352522513,0.00018568522421262147,3.9038461538461537,2.0,6.58161663383647,/data/shared_data/KEGG_data/sourmash_sketches/output_KOs/KOs_sketched/KOs_sketched_scaled_100.sig.zip,ko:K01953,77afce1d038e58c1744a1cdf3ffd4626,0.7438617762958473,5200,16,91300,/data/dmk333/temp/FreshFun/FunUniFrac/experiments/QIITA_study/joined/EGAF00002727214.fastq,,7d562b10,2543100,5,protein,100,25431,True,0.8197738177861641,0.9425370885462129,0.8811554531661885,0.9425370885462129,False
670600,0.2636939168731076,0.005093182081259405,0.0017301718375211355,9.147055379932093e-05,2.272727272727273,1.5,2.480502481753137,/data/shared_data/KEGG_data/sourmash_sketches/output_KOs/KOs_sketched/KOs_sketched_scaled_100.sig.zip,ko:K02031,837792c29ba1bb3836c09f1ac0b19e0b,0.7762472508392175,4400,17,86900,/data/dmk333/temp/FreshFun/FunUniFrac/experiments/QIITA_study/joined/EGAF00002727214.fastq,,7d562b10,2543100,5,protein,100,25431,True,0.8046140108980279,0.950604826527556,0.8776094187127919,0.950604826527556,False
977300,0.38429475836577404,0.0028468684447108183,0.001494239314222799,0.00016647640791476407,4.7894736842105265,2.0,7.934461460638655,/data/shared_data/KEGG_data/sourmash_sketches/output_KOs/KOs_sketched/KOs_sketched_scaled_100.sig.zip,ko:K21449,a80968007d7597801be00da03b6ade53,0.7321696134252322,3800,18,83100,/data/dmk333/temp/FreshFun/FunUniFrac/experiments/QIITA_study/joined/EGAF00002727214.fastq,,7d562b10,2543100,5,protein,100,25431,True,0.867561878987028,0.9395552857733005,0.9035585823801642,0.9395552857733005,False
941000,0.3700208407062247,0.002702702702702703,0.0013369509653572411,0.00011159407563517152,3.588235294117647,3.0,2.7982940922979522,/data/shared_data/KEGG_data/sourmash_sketches/output_KOs/KOs_sketched/KOs_sketched_scaled_100.sig.zip,ko:K01990,731617d1d327d0bfb2eab36fcf55ae4c,0.7480127186009539,3400,19,79700,/data/dmk333/temp/FreshFun/FunUniFrac/experiments/QIITA_study/joined/EGAF00002727214.fastq,,7d562b10,2543100,5,protein,100,25431,True,0.8610191398483387,0.94358666883186,0.9023029043400994,0.94358666883186,False
629900,0.24768982737603712,0.004170244081933031,0.0013369509653572411,0.00016922052452874372,5.4411764705882355,2.0,8.444250311413045,/data/shared_data/KEGG_data/sourmash_sketches/output_KOs/KOs_sketched/KOs_sketched_scaled_100.sig.zip,ko:K04763,9a3ec8cfdb951ef39e3a6a56c786baa5,0.772599043296946,3400,20,76300,/data/dmk333/temp/FreshFun/FunUniFrac/experiments/QIITA_study/joined/EGAF00002727214.fastq,,7d562b10,2543100,5,protein,100,25431,True,0.7946011744178134,0.9497096113213195,0.8721553928695664,0.9497096113213195,False
372400,0.1464354527938343,0.006348556215441327,0.001218984703708073,7.226173750146352e-05,2.5483870967741935,1.0,2.283725163926175,/data/shared_data/KEGG_data/sourmash_sketches/output_KOs/KOs_sketched/KOs_sketched_scaled_100.sig.zip,ko:K06871,95e1d090f9e37262619b69e8e813338f,0.7626459143968871,3100,21,73200,/data/dmk333/temp/FreshFun/FunUniFrac/experiments/QIITA_study/joined/EGAF00002727214.fastq,,7d562b10,2543100,5,protein,100,25431,True,0.7153141487874018,0.9472499469070996,0.8312820478472507,0.9472499469070996,False
666700,0.26216035547166844,0.0033456391324411627,0.0011403405292752938,0.00010976466455918511,4.137931034482759,2.0,5.11740867836942,/data/shared_data/KEGG_data/sourmash_sketches/output_KOs/KOs_sketched/KOs_sketched_scaled_100.sig.zip,ko:K07052,2e9f1c66e45833056d90e0b2cfebf19b,0.7691508998615597,2900,22,70300,/data/dmk333/temp/FreshFun/FunUniFrac/experiments/QIITA_study/joined/EGAF00002727214.fastq,,7d562b10,2543100,5,protein,100,25431,True,0.8036759494434429,0.9488603747584335,0.8762681621009383,0.9488603747584335,False
622600,0.2448193150092407,0.0031182537778843846,0.0010223742676261256,0.00011067937009717832,4.653846153846154,2.0,5.629197973289376,/data/shared_data/KEGG_data/sourmash_sketches/output_KOs/KOs_sketched/KOs_sketched_scaled_100.sig.zip,ko:K00666,a05b18231238bafa9921b047a4532bd8,0.7467018469656992,2600,23,67700,/data/dmk333/temp/FreshFun/FunUniFrac/experiments/QIITA_study/joined/EGAF00002727214.fastq,,7d562b10,2543100,5,protein,100,25431,True,0.7927508278182301,0.9432557148388109,0.8680032713285205,0.9432557148388109,False
596500,0.23455625024576304,0.003168969451134491,0.000983052180409736,0.0010647172462240955,46.56,1.0,220.54642685838277,/data/shared_data/KEGG_data/sourmash_sketches/output_KOs/KOs_sketched/KOs_sketched_scaled_100.sig.zip,ko:K07012,b118b3fdb6e99e8595241d013259c5ec,0.7561161110406895,2500,24,65200,/data/dmk333/temp/FreshFun/FunUniFrac/experiments/QIITA_study/joined/EGAF00002727214.fastq,,7d562b10,2543100,5,protein,100,25431,True,0.7859899093425192,0.9456222848562748,0.865806097099397,0.9456222848562748,False
648600,0.25504305768550195,0.0025727985030990527,0.0008650859187605678,6.494409319751785e-05,3.227272727272727,2.0,3.553894383525796,/data/shared_data/KEGG_data/sourmash_sketches/output_KOs/KOs_sketched/KOs_sketched_scaled_100.sig.zip,ko:K00558,2ec412a5cdbe24f17b833dc0acb64e21,0.7585077768682026,2200,25,63000,/data/dmk333/temp/FreshFun/FunUniFrac/experiments/QIITA_study/joined/EGAF00002727214.fastq,,7d562b10,2543100,5,protein,100,25431,True,0.799264032465342,0.9462197477098093,0.8727418900875756,0.9462197477098093,False
527100,0.20726672171758878,0.0030864197530864196,0.0008650859187605678,4.207645474768762e-05,2.090909090909091,1.0,1.5928559516304757,/data/shared_data/KEGG_data/sourmash_sketches/output_KOs/KOs_sketched/KOs_sketched_scaled_100.sig.zip,ko:K01869,f9cdf8d65a712a1400faa71dcbd1bb7d,0.7394781144781145,2200,26,60800,/data/dmk333/temp/FreshFun/FunUniFrac/experiments/QIITA_study/joined/EGAF00002727214.fastq,,7d562b10,2543100,5,protein,100,25431,True,0.7667847804388161,0.9414235650017585,0.8541041727202874,0.9414235650017585,False
632300,0.24863355746923047,0.0023512814483893723,0.0007864417443277889,0.00011982642547711041,6.55,2.0,19.2001953115066,/data/shared_data/KEGG_data/sourmash_sketches/output_KOs/KOs_sketched/KOs_sketched_scaled_100.sig.zip,ko:K07720,e710b8253adf9ed7fd6850b9ffce4faa,0.7433576299083,2000,27,58800,/data/dmk333/temp/FreshFun/FunUniFrac/experiments/QIITA_study/joined/EGAF00002727214.fastq,,7d562b10,2543100,5,protein,100,25431,True,0.7952057602295014,0.942409294497707,0.8688075273636042,0.942409294497707,False
555800,0.21855216074869255,0.0025977577249111294,0.0007471196571113994,4.390586582367404e-05,2.526315789473684,1.0,2.682662092078875,/data/shared_data/KEGG_data/sourmash_sketches/output_KOs/KOs_sketched/KOs_sketched_scaled_100.sig.zip,ko:K06400,753ef4e96edc1081e4b67c287c79db7b,0.7599124965818977,1900,28,56900,/data/dmk333/temp/FreshFun/FunUniFrac/experiments/QIITA_study/joined/EGAF00002727214.fastq,,7d562b10,2543100,5,protein,100,25431,True,0.7749587557222309,0.9465699590168614,0.8607643573695462,0.9465699590168614,False
908900,0.35739845070976367,0.0014196242171189979,0.0006684754826786206,5.4882332279592554e-05,3.5294117647058822,2.0,4.666749051834988,/data/shared_data/KEGG_data/sourmash_sketches/output_KOs/KOs_sketched/KOs_sketched_scaled_100.sig.zip,ko:K03466,654d996cdbf4248ad43976fc66a169f9,0.7589979123173277,1700,29,55200,/data/dmk333/temp/FreshFun/FunUniFrac/experiments/QIITA_study/joined/EGAF00002727214.fastq,,7d562b10,2543100,5,protein,100,25431,True,0.8550629752414755,0.9463420024915883,0.9007024888665318,0.9463420024915883,False
333200,0.13102119460500963,0.003982197235886624,0.0006684754826786206,5.854115443156539e-05,3.764705882352941,2.0,5.975729458447196,/data/shared_data/KEGG_data/sourmash_sketches/output_KOs/KOs_sketched/KOs_sketched_scaled_100.sig.zip,ko:K07484,4715c51789aa3112de8cb3daa721755e,0.7805106582337784,1700,30,53500,/data/dmk333/temp/FreshFun/FunUniFrac/experiments/QIITA_study/joined/EGAF00002727214.fastq,,7d562b10,2543100,5,protein,100,25431,True,0.6995775746581128,0.9516467474125061,0.8256121610353094,0.9516467474125061,False
572700,0.22519759348826235,0.0021630390698932,0.0006291533954622311,6.402938765952465e-05,4.375,2.0,5.588772226527039,/data/shared_data/KEGG_data/sourmash_sketches/output_KOs/KOs_sketched/KOs_sketched_scaled_100.sig.zip,ko:K21023,5c7fefd30e9623a0b005ca1f4dd346fe,0.7742327970798972,1600,31,51900,/data/dmk333/temp/FreshFun/FunUniFrac/experiments/QIITA_study/joined/EGAF00002727214.fastq,,7d562b10,2543100,5,protein,100,25431,True,0.7796152353252792,0.9501109270970285,0.8648630812111539,0.9501109270970285,False
416400,0.16373717116904565,0.0026214610276127227,0.0005898313082458417,6.128527104554502e-05,4.466666666666667,2.0,4.161196409153929,/data/shared_data/KEGG_data/sourmash_sketches/output_KOs/KOs_sketched/KOs_sketched_scaled_100.sig.zip,ko:K00700,48412ba2e5876c8d271b42f254f870b0,0.7277175812652918,1500,32,50400,/data/dmk333/temp/FreshFun/FunUniFrac/experiments/QIITA_study/joined/EGAF00002727214.fastq,,7d562b10,2543100,5,protein,100,25431,True,0.731470852456754,0.9384098840952275,0.8349403682759908,0.9384098840952275,False
663900,0.26105933702960954,0.001579778830963665,0.0005505092210294523,3.201469382976232e-05,2.5,2.0,1.4516001023501126,/data/shared_data/KEGG_data/sourmash_sketches/output_KOs/KOs_sketched/KOs_sketched_scaled_100.sig.zip,ko:K01652,1aacbb716cff956aff0ec340054dabbd,0.7491536899119837,1400,33,49000,/data/dmk333/temp/FreshFun/FunUniFrac/experiments/QIITA_study/joined/EGAF00002727214.fastq,,7d562b10,2543100,5,protein,100,25431,True,0.802999758498468,0.9438743508506566,0.8734370546745623,0.9438743508506566,False
627900,0.24690338563170933,0.0015105740181268882,0.0005111871338130628,2.6526460601803067e-05,2.230769230769231,1.0,2.5162195744301727,/data/shared_data/KEGG_data/sourmash_sketches/output_KOs/KOs_sketched/KOs_sketched_scaled_100.sig.zip,ko:K01187,5f7af0be5a83febe1e8e70f28da8e671,0.729607250755287,1300,34,47700,/data/dmk333/temp/FreshFun/FunUniFrac/experiments/QIITA_study/joined/EGAF00002727214.fastq,,7d562b10,2543100,5,protein,100,25431,True,0.7940959435692339,0.9388967338173976,0.8664963386933158,0.9388967338173976,False
435800,0.1713656560890252,0.0022935779816513763,0.0005111871338130628,5.2138215665612926e-05,4.384615384615385,3.0,3.9132607206082786,/data/shared_data/KEGG_data/sourmash_sketches/output_KOs/KOs_sketched/KOs_sketched_scaled_100.sig.zip,ko:K02355,27172c6cbb7c98400638dc10c62c8558,0.7688779110797459,1300,35,46400,/data/dmk333/temp/FreshFun/FunUniFrac/experiments/QIITA_study/joined/EGAF00002727214.fastq,,7d562b10,2543100,5,protein,100,25431,True,0.7381630908923177,0.9487930108589303,0.843478050875624,0.9487930108589303,False
297600,0.11702253155597499,0.0032861476238624874,0.0005111871338130628,5.2138215665612926e-05,4.384615384615385,2.0,4.682840386222901,/data/shared_data/KEGG_data/sourmash_sketches/output_KOs/KOs_sketched/KOs_sketched_scaled_100.sig.zip,ko:K04069,a30fcb10bfd4d1c7a60c0c96e237c3bf,0.7522750252780587,1300,36,45100,/data/dmk333/temp/FreshFun/FunUniFrac/experiments/QIITA_study/joined/EGAF00002727214.fastq,,7d562b10,2543100,5,protein,100,25431,True,0.6839454525060651,0.9446595703967099,0.8143025114513875,0.9446595703967099,False
421600,0.1657819197042979,0.0022350530825107095,0.0004718650465966734,0.0001902587519025875,17.333333333333332,2.0,28.28525332316392,/data/shared_data/KEGG_data/sourmash_sketches/output_KOs/KOs_sketched/KOs_sketched_scaled_100.sig.zip,ko:K03327,d2f88b384edf109bb3f27029a1cb7da6,0.7852486496554293,1200,37,43900,/data/dmk333/temp/FreshFun/FunUniFrac/experiments/QIITA_study/joined/EGAF00002727214.fastq,,7d562b10,2543100,5,protein,100,25431,True,0.7332887148918843,0.9527993224648968,0.8430440186783905,0.9527993224648968,False
422000,0.16593920805316345,0.002204261572373255,0.0004718650465966734,2.286763844983023e-05,2.0833333333333335,1.0,1.552328000849763,/data/shared_data/KEGG_data/sourmash_sketches/output_KOs/KOs_sketched/KOs_sketched_scaled_100.sig.zip,ko:K06877,ac951cf12dd52fd55df964c698d83203,0.775165319617928,1200,38,42700,/data/dmk333/temp/FreshFun/FunUniFrac/experiments/QIITA_study/joined/EGAF00002727214.fastq,,7d562b10,2543100,5,protein,100,25431,True,0.7334278060845347,0.9503396886035623,0.8418837473440486,0.9503396886035623,False
427700,0.16818056702449766,0.0021551724137931034,0.0004718650465966734,5.2138215665612926e-05,4.75,4.5,3.467107343785787,/data/shared_data/KEGG_data/sourmash_sketches/output_KOs/KOs_sketched/KOs_sketched_scaled_100.sig.zip,ko:K09458,10f8f6b58d63aec9c570b48ebd6c538f,0.7681393678160919,1200,39,41500,/data/dmk333/temp/FreshFun/FunUniFrac/experiments/QIITA_study/joined/EGAF00002727214.fastq,,7d562b10,2543100,5,protein,100,25431,True,0.7353984852481646,0.9486106687566278,0.8420045770023963,0.9486106687566278,False
535300,0.21049113286933271,0.0015609479211011778,0.0004325429593802839,2.286763844983023e-05,2.272727272727273,2.0,1.3545149477955765,/data/shared_data/KEGG_data/sourmash_sketches/output_KOs/KOs_sketched/KOs_sketched_scaled_100.sig.zip,ko:K01784,5407e8c40413f0ba2f44b31ce55bca9d,0.7596140201504186,1100,40,40400,/data/dmk333/temp/FreshFun/FunUniFrac/experiments/QIITA_study/joined/EGAF00002727214.fastq,,7d562b10,2543100,5,protein,100,25431,True,0.7691558182807903,0.9464955890798966,0.8578257036803434,0.9464955890798966,False
198500,0.07805434312453305,0.00392156862745098,0.00039322087216389444,3.750292705772158e-05,4.1,3.5,3.269556544854363,/data/shared_data/KEGG_data/sourmash_sketches/output_KOs/KOs_sketched/KOs_sketched_scaled_100.sig.zip,ko:K07451,084edb77dc5fa9a39addef9b15f7e1d0,0.7784313725490196,1000,41,39400,/data/dmk333/temp/FreshFun/FunUniFrac/experiments/QIITA_study/joined/EGAF00002727214.fastq,,7d562b10,2543100,5,protein,100,25431,True,0.6307350757213114,0.9511391675681835,0.7909371216447474,0.9511391675681835,False
446200,0.1754551531595297,0.0015455950540958269,0.000353898784947505,2.195293291183702e-05,2.6666666666666665,2.0,1.763834207376394,/data/shared_data/KEGG_data/sourmash_sketches/output_KOs/KOs_sketched/KOs_sketched_scaled_100.sig.zip,ko:K00986,2763cd9cf54b66d00a2b136b968f2c1a,0.7662716812639533,900,42,38500,/data/dmk333/temp/FreshFun/FunUniFrac/experiments/QIITA_study/joined/EGAF00002727214.fastq,,7d562b10,2543100,5,protein,100,25431,True,0.7416530620438108,0.948148921031316,0.8449009915375634,0.948148921031316,False
269800,0.10609099130981872,0.0025787965616045844,0.000353898784947505,1.8294110759864186e-05,2.2222222222222223,1.0,2.4845199749997664,/data/shared_data/KEGG_data/sourmash_sketches/output_KOs/KOs_sketched/KOs_sketched_scaled_100.sig.zip,ko:K01772,0735dd79ebd349e2455c98c56df289c2,0.7730659025787966,900,43,37600,/data/dmk333/temp/FreshFun/FunUniFrac/experiments/QIITA_study/joined/EGAF00002727214.fastq,,7d562b10,2543100,5,protein,100,25431,True,0.6706613364007377,0.9498243600052383,0.810242848202988,0.9498243600052383,False
512700,0.20160434115842868,0.0013788876972575456,0.000353898784947505,1.097646645591851e-05,1.3333333333333333,1.0,0.6666666666666666,/data/shared_data/KEGG_data/sourmash_sketches/output_KOs/KOs_sketched/KOs_sketched_scaled_100.sig.zip,ko:K03750,c174d0a6898f87cea86e4852156acf89,0.7855063582043817,900,44,36700,/data/dmk333/temp/FreshFun/FunUniFrac/experiments/QIITA_study/joined/EGAF00002727214.fastq,,7d562b10,2543100,5,protein,100,25431,True,0.7625486287139172,0.9528618535634122,0.8577052411386648,0.9528618535634122,False
553700,0.21772639691714837,0.0012496528742016106,0.000353898784947505,2.561175506380986e-05,3.111111111111111,2.0,2.806517986736686,/data/shared_data/KEGG_data/sourmash_sketches/output_KOs/KOs_sketched/KOs_sketched_scaled_100.sig.zip,ko:K07315,724e488ab493c0ffb8d357d1c1eaedc2,0.768814218272702,900,45,35800,/data/dmk333/temp/FreshFun/FunUniFrac/experiments/QIITA_study/joined/EGAF00002727214.fastq,,7d562b10,2543100,5,protein,100,25431,True,0.7743722575054327,0.9487772909918845,0.8615747742486586,0.9487772909918845,False
388900,0.15292359718453855,0.0015882469724042088,0.00031457669773111556,1.189117199391172e-05,1.625,1.0,0.9921567416492215,/data/shared_data/KEGG_data/sourmash_sketches/output_KOs/KOs_sketched/KOs_sketched_scaled_100.sig.zip,ko:K00974,d278439db4673fd306d3b1736cc9f8dc,0.772086559459996,800,46,35000,/data/dmk333/temp/FreshFun/FunUniFrac/experiments/QIITA_study/joined/EGAF00002727214.fastq,,7d562b10,2543100,5,protein,100,25431,True,0.721543418341588,0.9495835847567983,0.8355635015491931,0.9495835847567983,False
441100,0.17344972671149383,0.0014234875444839859,0.00031457669773111556,3.1099988291769116e-05,4.25,1.5,4.380353866983808,/data/shared_data/KEGG_data/sourmash_sketches/output_KOs/KOs_sketched/KOs_sketched_scaled_100.sig.zip,ko:K02483,33b724c5c5cc388f99e4daa23e7cd3e4,0.7848754448398576,800,47,34200,/data/dmk333/temp/FreshFun/FunUniFrac/experiments/QIITA_study/joined/EGAF00002727214.fastq,,7d562b10,2543100,5,protein,100,25431,True,0.7399498602433702,0.9527087379308973,0.8463292990871337,0.9527087379308973,False
381400,0.14997444064330934,0.0016309887869520897,0.00031457669773111556,3.201469382976232e-05,4.375,2.5,3.6721077053920954,/data/shared_data/KEGG_data/sourmash_sketches/output_KOs/KOs_sketched/KOs_sketched_scaled_100.sig.zip,ko:K03320,2d5faba57932aed389be49b3b5e4bac3,0.7775739041794087,800,48,33400,/data/dmk333/temp/FreshFun/FunUniFrac/experiments/QIITA_study/joined/EGAF00002727214.fastq,,7d562b10,2543100,5,protein,100,25431,True,0.7187386816268899,0.9509295328156167,0.8348341072212533,0.9509295328156167,False
184100,0.07239196256537297,0.003457216940363008,0.00031457669773111556,9.147055379932093e-06,1.25,1.0,0.4330127018922193,/data/shared_data/KEGG_data/sourmash_sketches/output_KOs/KOs_sketched/KOs_sketched_scaled_100.sig.zip,ko:K03892,71aad773b201b1c07a366567d6c4fc20,0.7955920484010371,800,49,32600,/data/dmk333/temp/FreshFun/FunUniFrac/experiments/QIITA_study/joined/EGAF00002727214.fastq,,7d562b10,2543100,5,protein,100,25431,True,0.6213061301679246,0.9552962804531344,0.7883012053105295,0.9552962804531344,False
286700,0.11273642404938854,0.002202036884117809,0.00031457669773111556,2.7441166139796277e-05,3.75,3.0,2.947456530637899,/data/shared_data/KEGG_data/sourmash_sketches/output_KOs/KOs_sketched/KOs_sketched_scaled_100.sig.zip,ko:K16261,35e530f492a4b3a0629120d93136b363,0.7891549683457197,800,50,31800,/data/dmk333/temp/FreshFun/FunUniFrac/experiments/QIITA_study/joined/EGAF00002727214.fastq,,7d562b10,2543100,5,protein,100,25431,True,0.6788603122063828,0.953745405907858,0.8163028590571204,0.953745405907858,False
592600,0.23302268884432387,0.0009013649240278136,0.0002752546105147261,5.396762674159935e-05,8.428571428571429,2.0,10.111621925249365,/data/shared_data/KEGG_data/sourmash_sketches/output_KOs/KOs_sketched/KOs_sketched_scaled_100.sig.zip,ko:K01126,37ed17dc83e17470b323a74668ec37cb,0.7630697913984033,700,51,31100,/data/dmk333/temp/FreshFun/FunUniFrac/experiments/QIITA_study/joined/EGAF00002727214.fastq,,7d562b10,2543100,5,protein,100,25431,True,0.7849594285574574,0.9473552194128151,0.8661573239851362,0.9473552194128151,False
395900,0.15567614328968582,0.0013690592607079992,0.0002752546105147261,1.0061760917925302e-05,1.5714285714285714,1.0,0.7284313590846835,/data/shared_data/KEGG_data/sourmash_sketches/output_KOs/KOs_sketched/KOs_sketched_scaled_100.sig.zip,ko:K03215,13a78a3e765e9b0eaabd45fbef6119bc,0.774300801877567,700,52,30400,/data/dmk333/temp/FreshFun/FunUniFrac/experiments/QIITA_study/joined/EGAF00002727214.fastq,,7d562b10,2543100,5,protein,100,25431,True,0.7241223985553541,0.9501276171240179,0.837125007839686,0.9501276171240179,False
327900,0.12893712398254098,0.001623000231857176,0.0002752546105147261,2.7441166139796277e-05,4.285714285714286,4.0,1.749635530559413,/data/shared_data/KEGG_data/sourmash_sketches/output_KOs/KOs_sketched/KOs_sketched_scaled_100.sig.zip,ko:K03575,a2c933301a5d1d61960a2f4065401225,0.7602596800370971,700,53,29700,/data/dmk333/temp/FreshFun/FunUniFrac/experiments/QIITA_study/joined/EGAF00002727214.fastq,,7d562b10,2543100,5,protein,100,25431,True,0.697337730944587,0.9466564356544761,0.8219970832995316,0.9466564356544761,False
184100,0.07239196256537297,0.0028501628664495114,0.0002752546105147261,1.097646645591851e-05,1.7142857142857142,2.0,0.45175395145262565,/data/shared_data/KEGG_data/sourmash_sketches/output_KOs/KOs_sketched/KOs_sketched_scaled_100.sig.zip,ko:K06940,e4daf8ad29599fa77b79f024476ef3c3,0.7495928338762216,700,54,29000,/data/dmk333/temp/FreshFun/FunUniFrac/experiments/QIITA_study/joined/EGAF00002727214.fastq,,7d562b10,2543100,5,protein,100,25431,True,0.6213061301679246,0.9439849822404314,0.782645556204178,0.9439849822404314,False
424500,0.1669222602335732,0.001072769533345253,0.0002359325232983367,4.1161749209694414e-05,7.5,1.5,11.601005703529903,/data/shared_data/KEGG_data/sourmash_sketches/output_KOs/KOs_sketched/KOs_sketched_scaled_100.sig.zip,ko:K00108,f7fac8567dc416f1f2c94c86638a75e3,0.7589844448417665,600,55,28400,/data/dmk333/temp/FreshFun/FunUniFrac/experiments/QIITA_study/joined/EGAF00002727214.fastq,,7d562b10,2543100,5,protein,100,25431,True,0.7342947444466841,0.9463386441349863,0.8403166942908351,0.9463386441349863,False
305800,0.12024694270771892,0.0014347202295552368,0.0002359325232983367,3.567351598173516e-05,6.5,2.0,8.301606270274847,/data/shared_data/KEGG_data/sourmash_sketches/output_KOs/KOs_sketched/KOs_sketched_scaled_100.sig.zip,ko:K00703,2baf2e26a43b519e566efae30a7d0b80,0.7312290769966523,600,56,27800,/data/dmk333/temp/FreshFun/FunUniFrac/experiments/QIITA_study/joined/EGAF00002727214.fastq,,7d562b10,2543100,5,protein,100,25431,True,0.6876736398816313,0.9393137733215314,0.8134937066015814,0.9393137733215314,False
227000,0.08926113798120404,0.0020093770931011385,0.0002359325232983367,2.378234398782344e-05,4.333333333333333,1.5,4.459696053419885,/data/shared_data/KEGG_data/sourmash_sketches/output_KOs/KOs_sketched/KOs_sketched_scaled_100.sig.zip,ko:K00965,645f827ba7efd05883aac3f63c9b3a5e,0.7602143335565975,600,57,27200,/data/dmk333/temp/FreshFun/FunUniFrac/experiments/QIITA_study/joined/EGAF00002727214.fastq,,7d562b10,2543100,5,protein,100,25431,True,0.6478881734015679,0.946645142523209,0.7972666579623884,0.946645142523209,False
233500,0.09181707365026935,0.0020325203252032522,0.0002359325232983367,1.0061760917925302e-05,1.8333333333333333,1.5,0.8975274678557508,/data/shared_data/KEGG_data/sourmash_sketches/output_KOs/KOs_sketched/KOs_sketched_scaled_100.sig.zip,ko:K02108,ecf2acd145940c6766b96d4e1e1cce71,0.7909891598915989,600,58,26600,/data/dmk333/temp/FreshFun/FunUniFrac/experiments/QIITA_study/joined/EGAF00002727214.fastq,,7d562b10,2543100,5,protein,100,25431,True,0.6515567643512838,0.9541883423966984,0.8028725533739911,0.9541883423966984,False
220500,0.08670520231213873,0.0022148394241417496,0.0002359325232983367,2.0123521835850603e-05,3.6666666666666665,2.0,3.9015666369065425,/data/shared_data/KEGG_data/sourmash_sketches/output_KOs/KOs_sketched/KOs_sketched_scaled_100.sig.zip,ko:K02654,03af982b3f3280c7e3be46d3d448969b,0.813953488372093,600,59,26000,/data/dmk333/temp/FreshFun/FunUniFrac/experiments/QIITA_study/joined/EGAF00002727214.fastq,,7d562b10,2543100,5,protein,100,25431,True,0.6441345578434463,0.9596655785945692,0.8019000682190078,0.9596655785945692,False
467300,0.18375211356218787,0.0009583133684714902,0.0002359325232983367,1.097646645591851e-05,2.0,2.0,1.0,/data/shared_data/KEGG_data/sourmash_sketches/output_KOs/KOs_sketched/KOs_sketched_scaled_100.sig.zip,ko:K05989,9d8ccad3fd228e250231b4b543c87536,0.7463663951445456,600,60,25400,/data/dmk333/temp/FreshFun/FunUniFrac/experiments/QIITA_study/joined/EGAF00002727214.fastq,,7d562b10,2543100,5,protein,100,25431,True,0.7485383182932237,0.9431709490856778,0.8458546336894508,0.9431709490856778,False
519400,0.20423892100192678,0.0008792497069167644,0.0002359325232983367,1.6464699683877765e-05,3.0,1.5,3.605551275463989,/data/shared_data/KEGG_data/sourmash_sketches/output_KOs/KOs_sketched/KOs_sketched_scaled_100.sig.zip,ko:K07407,6542d6c8b294950c212f9156fddd0789,0.761137162954279,600,61,24800,/data/dmk333/temp/FreshFun/FunUniFrac/experiments/QIITA_study/joined/EGAF00002727214.fastq,,7d562b10,2543100,5,protein,100,25431,True,0.7645312996752821,0.9468748588158716,0.8557030792455769,0.9468748588158716,False
638700,0.2511501710510794,0.0007327796775769418,0.0002359325232983367,1.8294110759864186e-05,3.3333333333333335,2.0,3.9015666369065407,/data/shared_data/KEGG_data/sourmash_sketches/output_KOs/KOs_sketched/KOs_sketched_scaled_100.sig.zip,ko:K17686,a844085a2f9043c8554c643651aa53d4,0.7800439667806546,600,62,24200,/data/dmk333/temp/FreshFun/FunUniFrac/experiments/QIITA_study/joined/EGAF00002727214.fastq,,7d562b10,2543100,5,protein,100,25431,True,0.7968090611780215,0.9515329163816618,0.8741709887798417,0.9515329163816618,False
397000,0.1561086862490661,0.000944822373393802,0.00019661043608194722,1.097646645591851e-05,2.4,2.0,1.4966629547095764,/data/shared_data/KEGG_data/sourmash_sketches/output_KOs/KOs_sketched/KOs_sketched_scaled_100.sig.zip,ko:K01885,b1678456b156eea33afc9a58cc90af29,0.7501889644746788,500,63,23700,/data/dmk333/temp/FreshFun/FunUniFrac/experiments/QIITA_study/joined/EGAF00002727214.fastq,,7d562b10,2543100,5,protein,100,25431,True,0.7245243439200006,0.9441350795679956,0.8343297117439981,0.9441350795679956,False
364100,0.14317171955487398,0.0010853049706967658,0.00019661043608194722,1.280587753190493e-05,2.8,2.0,2.1354156504062622,/data/shared_data/KEGG_data/sourmash_sketches/output_KOs/KOs_sketched/KOs_sketched_scaled_100.sig.zip,ko:K02013,6686c1e092799fb6217bdbbd0e95d4a3,0.7903190796613848,500,64,23200,/data/dmk333/temp/FreshFun/FunUniFrac/experiments/QIITA_study/joined/EGAF00002727214.fastq,,7d562b10,2543100,5,protein,100,25431,True,0.712096771417689,0.9540266209608095,0.8330616961892492,0.9540266209608095,False
820500,0.3226377256104754,0.00043196544276457883,0.00019661043608194722,4.5735276899660465e-06,1.0,1.0,0.0,/data/shared_data/KEGG_data/sourmash_sketches/output_KOs/KOs_sketched/KOs_sketched_scaled_100.sig.zip,ko:K02027,21845a1e33fedc2f80502774f2a39b72,0.7088552915766738,500,65,22700,/data/dmk333/temp/FreshFun/FunUniFrac/experiments/QIITA_study/joined/EGAF00002727214.fastq,,7d562b10,2543100,5,protein,100,25431,True,0.8377425956138598,0.933493970462982,0.8856182830384209,0.933493970462982,False
619600,0.243639652392749,0.0006279040562602034,0.00019661043608194722,1.0061760917925302e-05,2.2,2.0,1.469693845669907,/data/shared_data/KEGG_data/sourmash_sketches/output_KOs/KOs_sketched/KOs_sketched_scaled_100.sig.zip,ko:K09800,08e27ca78143604cafc931e52c9018e3,0.7780987065176441,500,66,22200,/data/dmk333/temp/FreshFun/FunUniFrac/experiments/QIITA_study/joined/EGAF00002727214.fastq,,7d562b10,2543100,5,protein,100,25431,True,0.7919853766047942,0.9510578589762746,0.8715216177905344,0.9510578589762746,False
85200,0.033502418308363806,0.004480286738351254,0.00019661043608194722,6.402938765952465e-06,1.4,1.0,0.4898979485566356,/data/shared_data/KEGG_data/sourmash_sketches/output_KOs/KOs_sketched/KOs_sketched_scaled_100.sig.zip,ko:K09858,b122d0ef6c8db47203fdd05ace660fe5,0.7634408602150538,500,67,21700,/data/dmk333/temp/FreshFun/FunUniFrac/experiments/QIITA_study/joined/EGAF00002727214.fastq,,7d562b10,2543100,5,protein,100,25431,True,0.5325774818496862,0.9474473382795155,0.7400124100646008,0.9474473382795155,False
499600,0.19645314773308167,0.0006100350770169285,0.00015728834886555778,4.390586582367404e-05,12.0,1.5,18.479718612576328,/data/shared_data/KEGG_data/sourmash_sketches/output_KOs/KOs_sketched/KOs_sketched_scaled_100.sig.zip,ko:K00626,5a2004dd6e0cf68c7efb20d8abf6de29,0.7619338111941437,400,68,21300,/data/dmk333/temp/FreshFun/FunUniFrac/experiments/QIITA_study/joined/EGAF00002727214.fastq,,7d562b10,2543100,5,protein,100,25431,True,0.7586114037008215,0.9470729862012438,0.8528421949510326,0.9470729862012438,False
401300,0.15779953599937085,0.0007415647015202076,0.00015728834886555778,1.280587753190493e-05,3.5,2.5,2.692582403567252,/data/shared_data/KEGG_data/sourmash_sketches/output_KOs/KOs_sketched/KOs_sketched_scaled_100.sig.zip,ko:K00705,17370cdd6dcde71b2d3459324a815caa,0.7439747868001483,400,69,20900,/data/dmk333/temp/FreshFun/FunUniFrac/experiments/QIITA_study/joined/EGAF00002727214.fastq,,7d562b10,2543100,5,protein,100,25431,True,0.7260870865141626,0.9425657256190426,0.8343264060666027,0.9425657256190426,False
326300,0.12830797058707877,0.0009874105159219946,0.00015728834886555778,4.5735276899660465e-06,1.25,1.0,0.4330127018922193,/data/shared_data/KEGG_data/sourmash_sketches/output_KOs/KOs_sketched/KOs_sketched_scaled_100.sig.zip,ko:K00981,8f5d11de5c7a83c3c59998da21e39a1f,0.805480128363367,400,70,20500,/data/dmk333/temp/FreshFun/FunUniFrac/experiments/QIITA_study/joined/EGAF00002727214.fastq,,7d562b10,2543100,5,protein,100,25431,True,0.6966558617860377,0.9576591579660753,0.8271575098760564,0.9576591579660753,False
450700,0.17722464708426725,0.0006885866758478223,0.00015728834886555778,1.0061760917925302e-05,2.75,2.0,1.920286436967152,/data/shared_data/KEGG_data/sourmash_sketches/output_KOs/KOs_sketched/KOs_sketched_scaled_100.sig.zip,ko:K01139,864d9095f7733274bb085ec0feaf16ae,0.7758650370115339,400,71,20100,/data/dmk333/temp/FreshFun/FunUniFrac/experiments/QIITA_study/joined/EGAF00002727214.fastq,,7d562b10,2543100,5,protein,100,25431,True,0.7431430020844323,0.9505111950485367,0.8468270985664845,0.9505111950485367,False
786700,0.3093468601313358,0.00037753657385559226,0.00015728834886555778,1.8294110759864186e-05,5.0,5.0,3.1622776601683795,/data/shared_data/KEGG_data/sourmash_sketches/output_KOs/KOs_sketched/KOs_sketched_scaled_100.sig.zip,ko:K01153,3da0f194cc16fb32c17fa69edb2457a9,0.742520056630486,400,72,19700,/data/dmk333/temp/FreshFun/FunUniFrac/experiments/QIITA_study/joined/EGAF00002727214.fastq,,7d562b10,2543100,5,protein,100,25431,True,0.8307239107764675,0.9421968280339817,0.8864603694052247,0.9421968280339817,False
304400,0.11969643348668947,0.0009849790691947797,0.00015728834886555778,7.317644303945674e-06,2.0,1.0,1.7320508075688772,/data/shared_data/KEGG_data/sourmash_sketches/output_KOs/KOs_sketched/KOs_sketched_scaled_100.sig.zip,ko:K01193,2ae5786b73bd925f3bb4603f6fca7340,0.7495690716572273,400,73,19300,/data/dmk333/temp/FreshFun/FunUniFrac/experiments/QIITA_study/joined/EGAF00002727214.fastq,,7d562b10,2543100,5,protein,100,25431,True,0.6870428282469825,0.9439789972679781,0.8155109127574802,0.9439789972679781,False
127000,0.0499390507648146,0.002328288707799767,0.00015728834886555778,1.280587753190493e-05,3.5,4.0,1.5,/data/shared_data/KEGG_data/sourmash_sketches/output_KOs/KOs_sketched/KOs_sketched_scaled_100.sig.zip,ko:K01246,65a6cfc7889e8d85c3b0b2cf918f9b7c,0.7392316647264261,400,74,18900,/data/dmk333/temp/FreshFun/FunUniFrac/experiments/QIITA_study/joined/EGAF00002727214.fastq,,7d562b10,2543100,5,protein,100,25431,True,0.5768403412877388,0.9413608060004499,0.7591005736440943,0.9413608060004499,False
634200,0.24938067712634188,0.0004937662017034934,0.00015728834886555778,6.402938765952465e-06,1.75,1.0,1.299038105676658,/data/shared_data/KEGG_data/sourmash_sketches/output_KOs/KOs_sketched/KOs_sketched_scaled_100.sig.zip,ko:K01448,078704f9285a0155a8a574a19b530589,0.7828663128008888,400,75,18500,/data/dmk333/temp/FreshFun/FunUniFrac/experiments/QIITA_study/joined/EGAF00002727214.fastq,,7d562b10,2543100,5,protein,100,25431,True,0.7956830900348569,0.9522204870655122,0.8739517885501846,0.9522204870655122,False
415000,0.1631866619480162,0.0007217610970768675,0.00015728834886555778,1.0061760917925302e-05,2.75,2.5,0.82915619758885,/data/shared_data/KEGG_data/sourmash_sketches/output_KOs/KOs_sketched/KOs_sketched_scaled_100.sig.zip,ko:K01669,889211e985f555100acebefe702ebe8a,0.7488271382172501,400,76,18100,/data/dmk333/temp/FreshFun/FunUniFrac/experiments/QIITA_study/joined/EGAF00002727214.fastq,,7d562b10,2543100,5,protein,100,25431,True,0.7309783264263904,0.9437920506422297,0.83738518853431,0.9437920506422297,False
830800,0.3266879005937635,0.000366266825382291,0.00015728834886555778,5.488233227959255e-06,1.5,1.0,0.8660254037844386,/data/shared_data/KEGG_data/sourmash_sketches/output_KOs/KOs_sketched/KOs_sketched_scaled_100.sig.zip,ko:K01768,3a9a6fa7f643fd8e25fe2a1e2974c178,0.7607361963190185,400,77,17700,/data/dmk333/temp/FreshFun/FunUniFrac/experiments/QIITA_study/joined/EGAF00002727214.fastq,,7d562b10,2543100,5,protein,100,25431,True,0.839835403525418,0.9467750751571821,0.8933052393413,0.9467750751571821,False
264300,0.1039282765129173,0.0011614401858304297,0.00015728834886555778,3.658822151972837e-06,1.0,1.0,0.0,/data/shared_data/KEGG_data/sourmash_sketches/output_KOs/KOs_sketched/KOs_sketched_scaled_100.sig.zip,ko:K02274,7065cf1f2adabece3f9140f8d95b5d1b,0.7674216027874564,400,78,17300,/data/dmk333/temp/FreshFun/FunUniFrac/experiments/QIITA_study/joined/EGAF00002727214.fastq,,7d562b10,2543100,5,protein,100,25431,True,0.6679044139272757,0.9484333222421241,0.8081688680846999,0.9484333222421241,False
721700,0.28378750344068265,0.0004124987109415283,0.00015728834886555778,4.5735276899660465e-06,1.25,1.0,0.4330127018922193,/data/shared_data/KEGG_data/sourmash_sketches/output_KOs/KOs_sketched/KOs_sketched_scaled_100.sig.zip,ko:K02337,91b4d657989dd54ac740f5bf4b2a2fcc,0.7442507992162525,400,79,16900,/data/dmk333/temp/FreshFun/FunUniFrac/experiments/QIITA_study/joined/EGAF00002727214.fastq,,7d562b10,2543100,5,protein,100,25431,True,0.8165188627214025,0.942635653054505,0.8795772578879537,0.942635653054505,False
548600,0.2157209704691125,0.0005566379070414695,0.00015728834886555778,1.3720583069898139e-05,3.75,3.5,2.7726341266023544,/data/shared_data/KEGG_data/sourmash_sketches/output_KOs/KOs_sketched/KOs_sketched_scaled_100.sig.zip,ko:K03088,68e375d6a9c3702fff8b13ff5c51931a,0.7634288895073754,400,80,16500,/data/dmk333/temp/FreshFun/FunUniFrac/experiments/QIITA_study/joined/EGAF00002727214.fastq,,7d562b10,2543100,5,protein,100,25431,True,0.772940460550312,0.9474443670771989,0.8601924138137554,0.9474443670771989,False
389700,0.15323817388226968,0.0008092251669026907,0.00015728834886555778,6.402938765952465e-06,1.75,1.5,0.82915619758885,/data/shared_data/KEGG_data/sourmash_sketches/output_KOs/KOs_sketched/KOs_sketched_scaled_100.sig.zip,ko:K03524,110fba6949de59b2546f5aaa206f8ac4,0.7883876188549463,400,81,16100,/data/dmk333/temp/FreshFun/FunUniFrac/experiments/QIITA_study/joined/EGAF00002727214.fastq,,7d562b10,2543100,5,protein,100,25431,True,0.7218400294765358,0.9535598553124403,0.837699942394488,0.9535598553124403,False
565500,0.2223664032086823,0.000549073438572409,0.00015728834886555778,4.5735276899660465e-06,1.25,1.0,0.4330127018922193,/data/shared_data/KEGG_data/sourmash_sketches/output_KOs/KOs_sketched/KOs_sketched_scaled_100.sig.zip,ko:K04075,0e51ff49dfecf08df58b622dbf689ff5,0.7762525737817433,400,82,15700,/data/dmk333/temp/FreshFun/FunUniFrac/experiments/QIITA_study/joined/EGAF00002727214.fastq,,7d562b10,2543100,5,protein,100,25431,True,0.7776450336888642,0.9506061302361287,0.8641255819624964,0.9506061302361287,False
417300,0.16409106995399317,0.0005523844595838704,0.00011796626164916834,2.7441166139796276e-06,1.0,1.0,0.0,/data/shared_data/KEGG_data/sourmash_sketches/output_KOs/KOs_sketched/KOs_sketched_scaled_100.sig.zip,ko:K00058,b546fd933f8c6412c740a7f097fb07fa,0.7683667832811637,300,83,15400,/data/dmk333/temp/FreshFun/FunUniFrac/experiments/QIITA_study/joined/EGAF00002727214.fastq,,7d562b10,2543100,5,protein,100,25431,True,0.7317867772157358,0.948666831271533,0.8402268042436344,0.948666831271533,False
286500,0.11265777987495576,0.0008183306055646482,0.00011796626164916834,7.317644303945674e-06,2.6666666666666665,1.0,2.3570226039551585,/data/shared_data/KEGG_data/sourmash_sketches/output_KOs/KOs_sketched/KOs_sketched_scaled_100.sig.zip,ko:K00342,3bb8c89f77dd01427a3aead63691630c,0.7815057283142389,300,84,15100,/data/dmk333/temp/FreshFun/FunUniFrac/experiments/QIITA_study/joined/EGAF00002727214.fastq,,7d562b10,2543100,5,protein,100,25431,True,0.6787655720851559,0.951889273931973,0.8153274230085644,0.951889273931973,False
310400,0.12205575871967284,0.0007385524372230429,0.00011796626164916834,2.7441166139796276e-06,1.0,1.0,0.0,/data/shared_data/KEGG_data/sourmash_sketches/output_KOs/KOs_sketched/KOs_sketched_scaled_100.sig.zip,ko:K00425,e283014f82a48bc9f3d6f675b4cb0e23,0.7641555883801083,300,85,14800,/data/dmk333/temp/FreshFun/FunUniFrac/experiments/QIITA_study/joined/EGAF00002727214.fastq,,7d562b10,2543100,5,protein,100,25431,True,0.6897301703981251,0.9476246706418301,0.8186774205199776,0.9476246706418301,False
229300,0.090165545987181,0.0010148849797023004,0.00011796626164916834,3.658822151972837e-06,1.3333333333333333,1.0,0.4714045207910317,/data/shared_data/KEGG_data/sourmash_sketches/output_KOs/KOs_sketched/KOs_sketched_scaled_100.sig.zip,ko:K00963,1b9fac8cd1ad640916c94d501db1d5c3,0.7757104194857916,300,86,14500,/data/dmk333/temp/FreshFun/FunUniFrac/experiments/QIITA_study/joined/EGAF00002727214.fastq,,7d562b10,2543100,5,protein,100,25431,True,0.6491957856571713,0.9504733076844397,0.7998345466708054,0.9504733076844397,False
64600,0.02540206834178758,0.0035419126328217238,0.00011796626164916834,3.658822151972837e-06,1.3333333333333333,1.0,0.4714045207910317,/data/shared_data/KEGG_data/sourmash_sketches/output_KOs/KOs_sketched/KOs_sketched_scaled_100.sig.zip,ko:K01039,2a0f91d2a990a215716be6cb84a01dcd,0.7626918536009445,300,87,14200,/data/dmk333/temp/FreshFun/FunUniFrac/experiments/QIITA_study/joined/EGAF00002727214.fastq,,7d562b10,2543100,5,protein,100,25431,True,0.5038965495685294,0.9472613584571573,0.7255789540128433,0.9472613584571573,False
299200,0.11765168495143723,0.0007757951900698216,0.00011796626164916834,8.232349841938882e-06,3.0,1.0,2.8284271247461903,/data/shared_data/KEGG_data/sourmash_sketches/output_KOs/KOs_sketched/KOs_sketched_scaled_100.sig.zip,ko:K01104,349e3ecd41393396a25da8af2ddc60e9,0.773726402896302,300,88,13900,/data/dmk333/temp/FreshFun/FunUniFrac/experiments/QIITA_study/joined/EGAF00002727214.fastq,,7d562b10,2543100,5,protein,100,25431,True,0.6846793012468885,0.9499866087850988,0.8173329550159936,0.9499866087850988,False
207400,0.0815540088867917,0.001147227533460803,0.00011796626164916834,8.232349841938882e-06,3.0,3.0,1.632993161855452,/data/shared_data/KEGG_data/sourmash_sketches/output_KOs/KOs_sketched/KOs_sketched_scaled_100.sig.zip,ko:K01186,f51ccfd00d8ea8a6b430f21a4e05b5d2,0.7931166347992352,300,89,13600,/data/dmk333/temp/FreshFun/FunUniFrac/experiments/QIITA_study/joined/EGAF00002727214.fastq,,7d562b10,2543100,5,protein,100,25431,True,0.6362922467145105,0.9547010754092835,0.795496661061897,0.9547010754092835,False
241300,0.09488419645314773,0.0009445843828715365,0.00011796626164916834,1.097646645591851e-05,4.0,1.0,4.242640687119285,/data/shared_data/KEGG_data/sourmash_sketches/output_KOs/KOs_sketched/KOs_sketched_scaled_100.sig.zip,ko:K01259,01bc7448449c9d964443fa56127d4c57,0.7597607052896725,300,90,13300,/data/dmk333/temp/FreshFun/FunUniFrac/experiments/QIITA_study/joined/EGAF00002727214.fastq,,7d562b10,2543100,5,protein,100,25431,True,0.6558527521606924,0.946532140831397,0.8011924464960447,0.946532140831397,False
190900,0.07506586449608746,0.0011971268954509178,0.00011796626164916834,1.9208816297857393e-05,7.0,9.0,3.559026084010437,/data/shared_data/KEGG_data/sourmash_sketches/output_KOs/KOs_sketched/KOs_sketched_scaled_100.sig.zip,ko:K01487,d3e838d3ae75408a2a94b35b11a4236a,0.7617717478052674,300,91,13000,/data/dmk333/temp/FreshFun/FunUniFrac/experiments/QIITA_study/joined/EGAF00002727214.fastq,,7d562b10,2543100,5,protein,100,25431,True,0.6258295515770844,0.9470326942715116,0.786431122924298,0.9470326942715116,False
544400,0.21406944280602413,0.0004169562195969423,0.00011796626164916834,1.097646645591851e-05,4.0,2.0,3.559026084010437,/data/shared_data/KEGG_data/sourmash_sketches/output_KOs/KOs_sketched/KOs_sketched_scaled_100.sig.zip,ko:K01872,f1957a404ad2941b08bcc89ef9e37fee,0.756636553161918,300,92,12700,/data/dmk333/temp/FreshFun/FunUniFrac/experiments/QIITA_study/joined/EGAF00002727214.fastq,,7d562b10,2543100,5,protein,100,25431,True,0.7717533160824211,0.9457524252456113,0.8587528706640162,0.9457524252456113,False
188200,0.07400416814124494,0.0012325390304026294,0.00011796626164916834,1.097646645591851e-05,4.0,3.0,2.943920288775949,/data/shared_data/KEGG_data/sourmash_sketches/output_KOs/KOs_sketched/KOs_sketched_scaled_100.sig.zip,ko:K01912,82dbe47051775e02353ebe3fe7be7d77,0.7732128184059162,300,93,12400,/data/dmk333/temp/FreshFun/FunUniFrac/experiments/QIITA_study/joined/EGAF00002727214.fastq,,7d562b10,2543100,5,protein,100,25431,True,0.6240491625993375,0.9498604587710605,0.786954810685199,0.9498604587710605,False
318900,0.12539813613306594,0.0007466401194624191,0.00011796626164916834,3.658822151972837e-06,1.3333333333333333,1.0,0.4714045207910317,/data/shared_data/KEGG_data/sourmash_sketches/output_KOs/KOs_sketched/KOs_sketched_scaled_100.sig.zip,ko:K02032,99a808e39a8224bc14200e9a45d9f0e5,0.7936784469885515,300,94,12100,/data/dmk333/temp/FreshFun/FunUniFrac/experiments/QIITA_study/joined/EGAF00002727214.fastq,,7d562b10,2543100,5,protein,100,25431,True,0.6934669770797408,0.9548362915344216,0.8241516343070812,0.9548362915344216,False
345300,0.13577916715819277,0.0006443298969072165,0.00011796626164916834,3.658822151972837e-06,1.3333333333333333,1.0,0.4714045207910317,/data/shared_data/KEGG_data/sourmash_sketches/output_KOs/KOs_sketched/KOs_sketched_scaled_100.sig.zip,ko:K02055,a96fcc384a74c935cbea6f33337642ff,0.7416237113402062,300,95,11800,/data/dmk333/temp/FreshFun/FunUniFrac/experiments/QIITA_study/joined/EGAF00002727214.fastq,,7d562b10,2543100,5,protein,100,25431,True,0.7045863034310854,0.9419692404356438,0.8232777719333646,0.9419692404356438,False
158900,0.06248279658684283,0.0014612761811982464,0.00011796626164916834,5.488233227959255e-06,2.0,1.0,1.4142135623730951,/data/shared_data/KEGG_data/sourmash_sketches/output_KOs/KOs_sketched/KOs_sketched_scaled_100.sig.zip,ko:K03388,5af0d6423eb931a04d746842714dcc95,0.7739892839746713,300,96,11500,/data/dmk333/temp/FreshFun/FunUniFrac/experiments/QIITA_study/joined/EGAF00002727214.fastq,,7d562b10,2543100,5,protein,100,25431,True,0.6032810176538195,0.9500511534537001,0.7766660855537597,0.9500511534537001,False
506600,0.19920569383822892,0.00046274872744099955,0.00011796626164916834,2.7441166139796276e-06,1.0,1.0,0.0,/data/shared_data/KEGG_data/sourmash_sketches/output_KOs/KOs_sketched/KOs_sketched_scaled_100.sig.zip,ko:K03555,5281433e88993f5b064cdc28af7408d9,0.7814283510720346,300,97,11200,/data/dmk333/temp/FreshFun/FunUniFrac/experiments/QIITA_study/joined/EGAF00002727214.fastq,,7d562b10,2543100,5,protein,100,25431,True,0.7607254013859517,0.951870423786303,0.8562979125861274,0.951870423786303,False
386700,0.152058511265778,0.0006226650062266501,0.00011796626164916834,2.7441166139796276e-06,1.0,1.0,0.0,/data/shared_data/KEGG_data/sourmash_sketches/output_KOs/KOs_sketched/KOs_sketched_scaled_100.sig.zip,ko:K03601,63df5444321f05bdd2aae02815899fbd,0.8026151930261519,300,98,10900,/data/dmk333/temp/FreshFun/FunUniFrac/experiments/QIITA_study/joined/EGAF00002727214.fastq,,7d562b10,2543100,5,protein,100,25431,True,0.7207252132980048,0.9569769453971075,0.8388510793475561,0.9569769453971075,False
31200,0.012268491211513508,0.0070921985815602835,0.00011796626164916834,4.5735276899660465e-06,1.6666666666666667,1.0,0.9428090415820634,/data/shared_data/KEGG_data/sourmash_sketches/output_KOs/KOs_sketched/KOs_sketched_scaled_100.sig.zip,ko:K11971,1bf6c185587386073183fcb2e976e02e,0.7375886524822695,300,99,10600,/data/dmk333/temp/FreshFun/FunUniFrac/experiments/QIITA_study/joined/EGAF00002727214.fastq,,7d562b10,2543100,5,protein,100,25431,True,0.43563804433286935,0.9409419808103004,0.688290012571585,0.9409419808103004,False
156200,0.061421100232000314,0.0010095911155981827,7.864417443277889e-05,2.7441166139796276e-06,1.5,1.5,0.5,/data/shared_data/KEGG_data/sourmash_sketches/output_KOs/KOs_sketched/KOs_sketched_scaled_100.sig.zip,ko:K00040,5b4fbb2e9d6880ded14db516fc28c3aa,0.7884906612821807,200,100,10400,/data/dmk333/temp/FreshFun/FunUniFrac/experiments/QIITA_study/joined/EGAF00002727214.fastq,,7d562b10,2543100,5,protein,100,25431,True,0.6012167711016366,0.9535847801040446,0.7774007756028406,0.9535847801040446,False
52200,0.020526129526955292,0.0030303030303030303,7.864417443277889e-05,1.8294110759864184e-06,1.0,1.0,0.0,/data/shared_data/KEGG_data/sourmash_sketches/output_KOs/KOs_sketched/KOs_sketched_scaled_100.sig.zip,ko:K00227,267bf5e02c2a5e3fc0489f9f630ff46b,0.7909090909090909,200,101,10200,/data/dmk333/temp/FreshFun/FunUniFrac/experiments/QIITA_study/joined/EGAF00002727214.fastq,,7d562b10,2543100,5,protein,100,25431,True,0.4828686183873492,0.9541690238049215,0.7185188210961353,0.9541690238049215,False
222400,0.08745232196925012,0.0007307270734380709,7.864417443277889e-05,7.317644303945674e-06,4.0,4.0,0.0,/data/shared_data/KEGG_data/sourmash_sketches/output_KOs/KOs_sketched/KOs_sketched_scaled_100.sig.zip,ko:K00254,d461509819c82ae8ecaab165d0b8b992,0.8125685056631348,200,102,10000,/data/dmk333/temp/FreshFun/FunUniFrac/experiments/QIITA_study/joined/EGAF00002727214.fastq,,7d562b10,2543100,5,protein,100,25431,True,0.645240824564522,0.959338772259242,0.802289798411882,0.959338772259242,False
270200,0.10624827965868429,0.0005817335660267597,7.864417443277889e-05,2.7441166139796276e-06,1.5,1.5,0.5,/data/shared_data/KEGG_data/sourmash_sketches/output_KOs/KOs_sketched/KOs_sketched_scaled_100.sig.zip,ko:K00274,ea52df9db03a932b06ef21049c5cce1e,0.7859220477021525,200,103,9800,/data/dmk333/temp/FreshFun/FunUniFrac/experiments/QIITA_study/joined/EGAF00002727214.fastq,,7d562b10,2543100,5,protein,100,25431,True,0.6708600803492263,0.952962683007402,0.8119113816783141,0.952962683007402,False
238000,0.09358656757500688,0.0006557377049180328,7.864417443277889e-05,1.0061760917925302e-05,5.5,5.5,4.5,/data/shared_data/KEGG_data/sourmash_sketches/output_KOs/KOs_sketched/KOs_sketched_scaled_100.sig.zip,ko:K00297,846a843cfd9be92d5d8bc044a50d32b2,0.780327868852459,200,104,9600,/data/dmk333/temp/FreshFun/FunUniFrac/experiments/QIITA_study/joined/EGAF00002727214.fastq,,7d562b10,2543100,5,protein,100,25431,True,0.6540489794556099,0.9516021696182588,0.8028255745369344,0.9516021696182588,False
143300,0.05634855098108608,0.0010828370330265296,7.864417443277889e-05,2.0123521835850603e-05,11.0,11.0,10.0,/data/shared_data/KEGG_data/sourmash_sketches/output_KOs/KOs_sketched/KOs_sketched_scaled_100.sig.zip,ko:K00406,091e5f40a720acbdc9b6ddef868a5315,0.7758527341635084,200,105,9400,/data/dmk333/temp/FreshFun/FunUniFrac/experiments/QIITA_study/joined/EGAF00002727214.fastq,,7d562b10,2543100,5,protein,100,25431,True,0.5909409949131815,0.9505081805889607,0.7707245877510711,0.9505081805889607,False
258700,0.1017262396287995,0.0006114338122898196,7.864417443277889e-05,5.488233227959255e-06,3.0,3.0,1.0,/data/shared_data/KEGG_data/sourmash_sketches/output_KOs/KOs_sketched/KOs_sketched_scaled_100.sig.zip,ko:K00426,4d6720dadc58b5fd843a71fe53d91c9a,0.7908896361968817,200,106,9200,/data/dmk333/temp/FreshFun/FunUniFrac/experiments/QIITA_study/joined/EGAF00002727214.fastq,,7d562b10,2543100,5,protein,100,25431,True,0.6650497992159017,0.9541643296456007,0.8096070644307511,0.9541643296456007,False
133600,0.0525343085210963,0.001128668171557562,7.864417443277889e-05,2.469704952581665e-05,13.5,13.5,2.5,/data/shared_data/KEGG_data/sourmash_sketches/output_KOs/KOs_sketched/KOs_sketched_scaled_100.sig.zip,ko:K00684,19c499afb62b7d1514358013d742f4e0,0.7539503386004515,200,107,9000,/data/dmk333/temp/FreshFun/FunUniFrac/experiments/QIITA_study/joined/EGAF00002727214.fastq,,7d562b10,2543100,5,protein,100,25431,True,0.5827149663312925,0.945079946672138,0.7638974565017153,0.945079946672138,False
370700,0.14576697731115568,0.0004144218814753419,7.864417443277889e-05,3.658822151972837e-06,2.0,2.0,0.0,/data/shared_data/KEGG_data/sourmash_sketches/output_KOs/KOs_sketched/KOs_sketched_scaled_100.sig.zip,ko:K01066,85be3d9d9ba166163428d55344ec64c9,0.7681309573145462,200,108,8800,/data/dmk333/temp/FreshFun/FunUniFrac/experiments/QIITA_study/joined/EGAF00002727214.fastq,,7d562b10,2543100,5,protein,100,25431,True,0.7146598734787922,0.9486085914444179,0.8316342324616051,0.9486085914444179,False
657600,0.258582045534977,0.0002294630564479119,7.864417443277889e-05,7.317644303945674e-06,4.0,4.0,3.0,/data/shared_data/KEGG_data/sourmash_sketches/output_KOs/KOs_sketched/KOs_sketched_scaled_100.sig.zip,ko:K01154,552017b55039a4a28ef440f832c517ce,0.7544745296007342,200,109,8600,/data/dmk333/temp/FreshFun/FunUniFrac/experiments/QIITA_study/joined/EGAF00002727214.fastq,,7d562b10,2543100,5,protein,100,25431,True,0.8014699465186915,0.9452113252686918,0.8733406358936917,0.9452113252686918,False
320100,0.12587000117966263,0.00046783625730994154,7.864417443277889e-05,6.402938765952465e-06,3.5,3.5,1.5,/data/shared_data/KEGG_data/sourmash_sketches/output_KOs/KOs_sketched/KOs_sketched_scaled_100.sig.zip,ko:K01214,5c86b4b4f80169948889252718048378,0.7487719298245614,200,110,8400,/data/dmk333/temp/FreshFun/FunUniFrac/experiments/QIITA_study/joined/EGAF00002727214.fastq,,7d562b10,2543100,5,protein,100,25431,True,0.6939880875512564,0.9437781337377342,0.8188831106444954,0.9437781337377342,False
427600,0.16814124493728128,0.00036886757654002215,7.864417443277889e-05,2.7441166139796277e-05,15.0,15.0,8.0,/data/shared_data/KEGG_data/sourmash_sketches/output_KOs/KOs_sketched/KOs_sketched_scaled_100.sig.zip,ko:K01533,6965be46ec86595ada08b271716663a1,0.7886388786425673,200,111,8200,/data/dmk333/temp/FreshFun/FunUniFrac/experiments/QIITA_study/joined/EGAF00002727214.fastq,,7d562b10,2543100,5,protein,100,25431,True,0.735364093512278,0.9536206276289171,0.8444923605705976,0.9536206276289171,False
462800,0.18198261963745035,0.00033944331296673454,7.864417443277889e-05,3.658822151972837e-06,2.0,2.0,0.0,/data/shared_data/KEGG_data/sourmash_sketches/output_KOs/KOs_sketched/KOs_sketched_scaled_100.sig.zip,ko:K01534,aec8ba13eb0d694a4530cf1e64fc927f,0.7854718262050238,200,112,8000,/data/dmk333/temp/FreshFun/FunUniFrac/experiments/QIITA_study/joined/EGAF00002727214.fastq,,7d562b10,2543100,5,protein,100,25431,True,0.7470910797799151,0.9528534755781307,0.8499722776790228,0.9528534755781307,False
252500,0.09928827022138335,0.0006331117442228553,7.864417443277889e-05,3.658822151972837e-06,2.0,2.0,0.0,/data/shared_data/KEGG_data/sourmash_sketches/output_KOs/KOs_sketched/KOs_sketched_scaled_100.sig.zip,ko:K01626,901f95097061c0ae0f2ba94194c438b9,0.7993035770813549,200,113,7800,/data/dmk333/temp/FreshFun/FunUniFrac/experiments/QIITA_study/joined/EGAF00002727214.fastq,,7d562b10,2543100,5,protein,100,25431,True,0.6618310790616752,0.9561859353304917,0.8090085071960834,0.9561859353304917,False
158100,0.06216821988911171,0.0009564801530368245,7.864417443277889e-05,3.658822151972837e-06,2.0,2.0,0.0,/data/shared_data/KEGG_data/sourmash_sketches/output_KOs/KOs_sketched/KOs_sketched_scaled_100.sig.zip,ko:K01704,c34a09c56d27c71a35b8377a163a4a75,0.7560975609756098,200,114,7600,/data/dmk333/temp/FreshFun/FunUniFrac/experiments/QIITA_study/joined/EGAF00002727214.fastq,,7d562b10,2543100,5,protein,100,25431,True,0.6026723333339351,0.9456176449532728,0.774144989143604,0.9456176449532728,False
74400,0.029255632888993747,0.002127659574468085,7.864417443277889e-05,2.7441166139796276e-06,1.5,1.5,0.5,/data/shared_data/KEGG_data/sourmash_sketches/output_KOs/KOs_sketched/KOs_sketched_scaled_100.sig.zip,ko:K01770,f9be8cbecb22d085f8c819aa4a8eefad,0.7914893617021277,200,115,7400,/data/dmk333/temp/FreshFun/FunUniFrac/experiments/QIITA_study/joined/EGAF00002727214.fastq,,7d562b10,2543100,5,protein,100,25431,True,0.5183337264764468,0.9543089928624052,0.736321359669426,0.9543089928624052,False
399400,0.15705241634225944,0.00039393342525113255,7.864417443277889e-05,2.7441166139796276e-06,1.5,1.5,0.5,/data/shared_data/KEGG_data/sourmash_sketches/output_KOs/KOs_sketched/KOs_sketched_scaled_100.sig.zip,ko:K02029,efbc01dad5ff847c5d83235eed0ea1b3,0.7866850502265117,200,116,7200,/data/dmk333/temp/FreshFun/FunUniFrac/experiments/QIITA_study/joined/EGAF00002727214.fastq,,7d562b10,2543100,5,protein,100,25431,True,0.7253982324926069,0.953147645558299,0.839272939025453,0.953147645558299,False
98000,0.038535645472061654,0.001610305958132045,7.864417443277889e-05,1.8294110759864184e-06,1.0,1.0,0.0,/data/shared_data/KEGG_data/sourmash_sketches/output_KOs/KOs_sketched/KOs_sketched_scaled_100.sig.zip,ko:K02242,28621e7390c6e0050e6b0e1f28c6d161,0.789049919484702,200,117,7000,/data/dmk333/temp/FreshFun/FunUniFrac/experiments/QIITA_study/joined/EGAF00002727214.fastq,,7d562b10,2543100,5,protein,100,25431,True,0.5476966645155281,0.9537200128715668,0.7507083386935475,0.9537200128715668,False
212300,0.0834807911603948,0.0007595898214963919,7.864417443277889e-05,2.7441166139796276e-06,1.5,1.5,0.5,/data/shared_data/KEGG_data/sourmash_sketches/output_KOs/KOs_sketched/KOs_sketched_scaled_100.sig.zip,ko:K02502,9c0e62b1c1328a66de375ba548c56fed,0.80630459551842,200,118,6800,/data/dmk333/temp/FreshFun/FunUniFrac/experiments/QIITA_study/joined/EGAF00002727214.fastq,,7d562b10,2543100,5,protein,100,25431,True,0.6392708179135608,0.9578551244273156,0.7985629711704382,0.9578551244273156,False
396600,0.15595139790020054,0.0003884249368809478,7.864417443277889e-05,5.488233227959255e-06,3.0,3.0,2.0,/data/shared_data/KEGG_data/sourmash_sketches/output_KOs/KOs_sketched/KOs_sketched_scaled_100.sig.zip,ko:K03169,ddbf9c32bac09fd3bee3ef294fcad47a,0.7702466498349194,200,119,6600,/data/dmk333/temp/FreshFun/FunUniFrac/experiments/QIITA_study/joined/EGAF00002727214.fastq,,7d562b10,2543100,5,protein,100,25431,True,0.7243782851753551,0.9491305744699579,0.8367544298226565,0.9491305744699579,False
86000,0.033816995006094926,0.0019029495718363464,7.864417443277889e-05,3.658822151972837e-06,2.0,2.0,1.0,/data/shared_data/KEGG_data/sourmash_sketches/output_KOs/KOs_sketched/KOs_sketched_scaled_100.sig.zip,ko:K03225,1f22af5096d176b05ba8bf3c0b117c17,0.8182683158896289,200,120,6400,/data/dmk333/temp/FreshFun/FunUniFrac/experiments/QIITA_study/joined/EGAF00002727214.fastq,,7d562b10,2543100,5,protein,100,25431,True,0.5335738919652498,0.9606808796092854,0.7471273857872676,0.9606808796092854,False
324400,0.12756085092996736,0.00048355899419729207,7.864417443277889e-05,1.8294110759864186e-05,10.0,10.0,6.0,/data/shared_data/KEGG_data/sourmash_sketches/output_KOs/KOs_sketched/KOs_sketched_scaled_100.sig.zip,ko:K03446,8562c867f2ea0f3b812881a4232aa06a,0.7843326885880078,200,121,6200,/data/dmk333/temp/FreshFun/FunUniFrac/experiments/QIITA_study/joined/EGAF00002727214.fastq,,7d562b10,2543100,5,protein,100,25431,True,0.695842659263069,0.9525769382378088,0.8242097987504389,0.9525769382378088,False
300700,0.11824151625968306,0.0005299417064122947,7.864417443277889e-05,1.189117199391172e-05,6.5,6.5,5.5,/data/shared_data/KEGG_data/sourmash_sketches/output_KOs/KOs_sketched/KOs_sketched_scaled_100.sig.zip,ko:K03584,fb503da3c8086e2b7b84db506f4eaabd,0.796767355590885,200,122,6000,/data/dmk333/temp/FreshFun/FunUniFrac/experiments/QIITA_study/joined/EGAF00002727214.fastq,,7d562b10,2543100,5,protein,100,25431,True,0.6853644386769276,0.9555783606280561,0.8204713996524919,0.9555783606280561,False
82800,0.03255868821517046,0.0018885741265344666,7.864417443277889e-05,2.7441166139796276e-06,1.5,1.5,0.5,/data/shared_data/KEGG_data/sourmash_sketches/output_KOs/KOs_sketched/KOs_sketched_scaled_100.sig.zip,ko:K04068,c315c4c1d4d3668c3eba28cab0341a64,0.7818696883852692,200,123,5800,/data/dmk333/temp/FreshFun/FunUniFrac/experiments/QIITA_study/joined/EGAF00002727214.fastq,,7d562b10,2543100,5,protein,100,25431,True,0.5295426546846858,0.9519779195181293,0.7407602871014075,0.9519779195181293,False
445200,0.1750619322873658,0.00035739814152966406,7.864417443277889e-05,1.8294110759864184e-06,1.0,1.0,0.0,/data/shared_data/KEGG_data/sourmash_sketches/output_KOs/KOs_sketched/KOs_sketched_scaled_100.sig.zip,ko:K04096,d089a8b4a5f3bd4dca3cfc93fca4e416,0.7955682630450321,200,124,5600,/data/dmk333/temp/FreshFun/FunUniFrac/experiments/QIITA_study/joined/EGAF00002727214.fastq,,7d562b10,2543100,5,protein,100,25431,True,0.7413203328555394,0.9552905683965862,0.8483054506260628,0.9552905683965862,False
16700,0.0065667885651370375,0.008097165991902834,7.864417443277889e-05,6.402938765952465e-06,3.5,3.5,0.5,/data/shared_data/KEGG_data/sourmash_sketches/output_KOs/KOs_sketched/KOs_sketched_scaled_100.sig.zip,ko:K04101,4c50ff879d1d1312af217cd5424b922b,0.6761133603238867,200,125,5400,/data/dmk333/temp/FreshFun/FunUniFrac/experiments/QIITA_study/joined/EGAF00002727214.fastq,,7d562b10,2543100,5,protein,100,25431,True,0.38444850389995056,0.9247064854582534,0.654577494679102,0.9247064854582534,False
76000,0.02988478628445598,0.00199203187250996,7.864417443277889e-05,1.8294110759864184e-06,1.0,1.0,0.0,/data/shared_data/KEGG_data/sourmash_sketches/output_KOs/KOs_sketched/KOs_sketched_scaled_100.sig.zip,ko:K07455,eb9efc9b8c01b022b9cbbc56e9dea0f7,0.7569721115537849,200,126,5200,/data/dmk333/temp/FreshFun/FunUniFrac/experiments/QIITA_study/joined/EGAF00002727214.fastq,,7d562b10,2543100,5,protein,100,25431,True,0.5205441850668608,0.9458362961290433,0.733190240597952,0.9458362961290433,False
87600,0.03444614840155715,0.0019011406844106464,7.864417443277889e-05,2.7441166139796276e-06,1.5,1.5,0.5,/data/shared_data/KEGG_data/sourmash_sketches/output_KOs/KOs_sketched/KOs_sketched_scaled_100.sig.zip,ko:K08998,e13da26336de5a963090acdacddc49ef,0.8326996197718631,200,127,5000,/data/dmk333/temp/FreshFun/FunUniFrac/experiments/QIITA_study/joined/EGAF00002727214.fastq,,7d562b10,2543100,5,protein,100,25431,True,0.535544670998974,0.9640458141275868,0.7497952425632803,0.9640458141275868,False
18700,0.007353230309464827,0.004291845493562232,3.9322087216389446e-05,1.8294110759864184e-06,2.0,2.0,0.0,/data/shared_data/KEGG_data/sourmash_sketches/output_KOs/KOs_sketched/KOs_sketched_scaled_100.sig.zip,ko:K00171,da88d2a6e61f4dfa9ccfaf41b825c543,0.8025751072961373,100,128,4900,/data/dmk333/temp/FreshFun/FunUniFrac/experiments/QIITA_study/joined/EGAF00002727214.fastq,,7d562b10,2543100,5,protein,100,25431,True,0.39324499352141007,0.9569673861746604,0.6751061898480353,0.9569673861746604,False
174700,0.06869568636703237,0.00045167118337850043,3.9322087216389446e-05,9.147055379932092e-07,1.0,1.0,0.0,/data/shared_data/KEGG_data/sourmash_sketches/output_KOs/KOs_sketched/KOs_sketched_scaled_100.sig.zip,ko:K00303,c9bfcef57fbf650edec953d711700c16,0.7890695573622403,100,129,4800,/data/dmk333/temp/FreshFun/FunUniFrac/experiments/QIITA_study/joined/EGAF00002727214.fastq,,7d562b10,2543100,5,protein,100,25431,True,0.6148277513556817,0.9537247600618034,0.7842762557087426,0.9537247600618034,False
79800,0.03137902559867878,0.0009910802775024777,3.9322087216389446e-05,9.147055379932092e-07,1.0,1.0,0.0,/data/shared_data/KEGG_data/sourmash_sketches/output_KOs/KOs_sketched/KOs_sketched_scaled_100.sig.zip,ko:K00346,3a28bdbb657f0eceebc13a073159d584,0.7908820614469773,100,130,4700,/data/dmk333/temp/FreshFun/FunUniFrac/experiments/QIITA_study/joined/EGAF00002727214.fastq,,7d562b10,2543100,5,protein,100,25431,True,0.5256485360257357,0.9541625019357602,0.739905518980748,0.9541625019357602,False
108900,0.042821752978648105,0.0007168458781362007,3.9322087216389446e-05,1.8294110759864184e-06,2.0,2.0,0.0,/data/shared_data/KEGG_data/sourmash_sketches/output_KOs/KOs_sketched/KOs_sketched_scaled_100.sig.zip,ko:K00366,a34f41a7a5d29cc66f7e5d4038091de4,0.7806451612903226,100,131,4600,/data/dmk333/temp/FreshFun/FunUniFrac/experiments/QIITA_study/joined/EGAF00002727214.fastq,,7d562b10,2543100,5,protein,100,25431,True,0.5593716566319102,0.9516795440368029,0.7555256003343566,0.9516795440368029,False
79000,0.03106444890094766,0.0009910802775024777,3.9322087216389446e-05,3.658822151972837e-06,4.0,4.0,0.0,/data/shared_data/KEGG_data/sourmash_sketches/output_KOs/KOs_sketched/KOs_sketched_scaled_100.sig.zip,ko:K00441,c67399a0ffed73e1644fe3a1e4038d9e,0.7829534192269574,100,132,4500,/data/dmk333/temp/FreshFun/FunUniFrac/experiments/QIITA_study/joined/EGAF00002727214.fastq,,7d562b10,2543100,5,protein,100,25431,True,0.5245903522295104,0.9522416760810017,0.738416014155256,0.9522416760810017,False
79200,0.03114309307538044,0.0009389671361502347,3.9322087216389446e-05,9.147055379932092e-07,1.0,1.0,0.0,/data/shared_data/KEGG_data/sourmash_sketches/output_KOs/KOs_sketched/KOs_sketched_scaled_100.sig.zip,ko:K00446,9fc9d312a55cf7bade28fd07122ed71e,0.7436619718309859,100,133,4400,/data/dmk333/temp/FreshFun/FunUniFrac/experiments/QIITA_study/joined/EGAF00002727214.fastq,,7d562b10,2543100,5,protein,100,25431,True,0.5248556990279908,0.9424864492039018,0.7336710741159462,0.9424864492039018,False
178000,0.06999331524517322,0.0004361098996947231,3.9322087216389446e-05,9.147055379932092e-07,1.0,1.0,0.0,/data/shared_data/KEGG_data/sourmash_sketches/output_KOs/KOs_sketched/KOs_sketched_scaled_100.sig.zip,ko:K00457,7ccbf26c9b92b81367dd09ca30e04770,0.7762756214566071,100,134,4300,/data/dmk333/temp/FreshFun/FunUniFrac/experiments/QIITA_study/joined/EGAF00002727214.fastq,,7d562b10,2543100,5,protein,100,25431,True,0.6171331581575953,0.9506117750485403,0.7838724666030679,0.9506117750485403,False
401000,0.15768156973772168,0.00018953752843062926,3.9322087216389446e-05,9.147055379932092e-07,1.0,1.0,0.0,/data/shared_data/KEGG_data/sourmash_sketches/output_KOs/KOs_sketched/KOs_sketched_scaled_100.sig.zip,ko:K00548,8f39aaa326b8bb055db457c943051461,0.7600454890068233,100,135,4200,/data/dmk333/temp/FreshFun/FunUniFrac/experiments/QIITA_study/joined/EGAF00002727214.fastq,,7d562b10,2543100,5,protein,100,25431,True,0.7259784937948348,0.9466030885740474,0.836290791184441,0.9466030885740474,False
92800,0.0364908969368094,0.0008818342151675485,3.9322087216389446e-05,5.488233227959255e-06,6.0,6.0,0.0,/data/shared_data/KEGG_data/sourmash_sketches/output_KOs/KOs_sketched/KOs_sketched_scaled_100.sig.zip,ko:K00555,e9b27bc8fe925cd043b2dd92151f6f0a,0.818342151675485,100,136,4100,/data/dmk333/temp/FreshFun/FunUniFrac/experiments/QIITA_study/joined/EGAF00002727214.fastq,,7d562b10,2543100,5,protein,100,25431,True,0.5417569309741836,0.9606982162374413,0.7512275736058125,0.9606982162374413,False
387300,0.15229444378907633,0.00019755037534571315,3.9322087216389446e-05,9.147055379932092e-07,1.0,1.0,0.0,/data/shared_data/KEGG_data/sourmash_sketches/output_KOs/KOs_sketched/KOs_sketched_scaled_100.sig.zip,ko:K00574,0cb7b0a788ccf5b0e6e03ea28a2a798e,0.7651126037139471,100,137,4000,/data/dmk333/temp/FreshFun/FunUniFrac/experiments/QIITA_study/joined/EGAF00002727214.fastq,,7d562b10,2543100,5,protein,100,25431,True,0.7209487286808276,0.9478619095982258,0.8344053191395266,0.9478619095982258,False
377100,0.1482835908930046,0.00020699648105982198,3.9322087216389446e-05,9.147055379932092e-07,1.0,1.0,0.0,/data/shared_data/KEGG_data/sourmash_sketches/output_KOs/KOs_sketched/KOs_sketched_scaled_100.sig.zip,ko:K00604,12b1f42c2d195345d0668ef85f73b593,0.7805837300765887,100,138,3900,/data/dmk333/temp/FreshFun/FunUniFrac/experiments/QIITA_study/joined/EGAF00002727214.fastq,,7d562b10,2543100,5,protein,100,25431,True,0.7171106748421868,0.9516645654850344,0.8343876201636107,0.9516645654850344,False
238100,0.09362588966222327,0.00031279324366593683,3.9322087216389446e-05,9.147055379932092e-07,1.0,1.0,0.0,/data/shared_data/KEGG_data/sourmash_sketches/output_KOs/KOs_sketched/KOs_sketched_scaled_100.sig.zip,ko:K00641,77a290788fc53733f6d6054c577363ad,0.7447607131685956,100,139,3800,/data/dmk333/temp/FreshFun/FunUniFrac/experiments/QIITA_study/joined/EGAF00002727214.fastq,,7d562b10,2543100,5,protein,100,25431,True,0.6541039323197243,0.9427647846316637,0.798434358475694,0.9427647846316637,False
197000,0.0774645118162872,0.00040257648953301127,3.9322087216389446e-05,9.147055379932092e-07,1.0,1.0,0.0,/data/shared_data/KEGG_data/sourmash_sketches/output_KOs/KOs_sketched/KOs_sketched_scaled_100.sig.zip,ko:K00647,681c6fd76650919bd325876a7d197058,0.7930756843800322,100,140,3700,/data/dmk333/temp/FreshFun/FunUniFrac/experiments/QIITA_study/joined/EGAF00002727214.fastq,,7d562b10,2543100,5,protein,100,25431,True,0.6297789292178112,0.9546912165272489,0.79223507287253,0.9546912165272489,False
476500,0.1873697455860957,0.0001529285823520416,3.9322087216389446e-05,9.147055379932092e-07,1.0,1.0,0.0,/data/shared_data/KEGG_data/sourmash_sketches/output_KOs/KOs_sketched/KOs_sketched_scaled_100.sig.zip,ko:K00688,841177c27ce7c66f09aa3d8283ad8a4e,0.7287046949074782,100,141,3600,/data/dmk333/temp/FreshFun/FunUniFrac/experiments/QIITA_study/joined/EGAF00002727214.fastq,,7d562b10,2543100,5,protein,100,25431,True,0.7514627576938696,0.9386643275852,0.8450635426395348,0.9386643275852,False
486600,0.19134127639495105,0.00015964240102171138,3.9322087216389446e-05,1.8294110759864184e-06,2.0,2.0,0.0,/data/shared_data/KEGG_data/sourmash_sketches/output_KOs/KOs_sketched/KOs_sketched_scaled_100.sig.zip,ko:K00817,966f24db512792d1494cd80db58ce3ba,0.7768199233716475,100,142,3500,/data/dmk333/temp/FreshFun/FunUniFrac/experiments/QIITA_study/joined/EGAF00002727214.fastq,,7d562b10,2543100,5,protein,100,25431,True,0.7546217211659371,0.9507450459478054,0.8526833835568712,0.9507450459478054,False
284600,0.11191066021784436,0.0002718129926610492,3.9322087216389446e-05,9.147055379932092e-07,1.0,1.0,0.0,/data/shared_data/KEGG_data/sourmash_sketches/output_KOs/KOs_sketched/KOs_sketched_scaled_100.sig.zip,ko:K00821,a611f530dfb3e2e52ec9854a60636df6,0.773579777113346,100,143,3400,/data/dmk333/temp/FreshFun/FunUniFrac/experiments/QIITA_study/joined/EGAF00002727214.fastq,,7d562b10,2543100,5,protein,100,25431,True,0.6778628919201489,0.9499506004261498,0.8139067461731493,0.9499506004261498,False
259900,0.10219810467539617,0.00030892801977139327,3.9322087216389446e-05,3.658822151972837e-06,4.0,4.0,0.0,/data/shared_data/KEGG_data/sourmash_sketches/output_KOs/KOs_sketched/KOs_sketched_scaled_100.sig.zip,ko:K00931,8debf26449bec16af0bffc979a4b86fa,0.8029039233858511,100,144,3300,/data/dmk333/temp/FreshFun/FunUniFrac/experiments/QIITA_study/joined/EGAF00002727214.fastq,,7d562b10,2543100,5,protein,100,25431,True,0.6656656346407466,0.9570457874896381,0.8113557110651923,0.9570457874896381,False
162100,0.0637411033777673,0.0004828585224529213,3.9322087216389446e-05,1.8294110759864184e-06,2.0,2.0,0.0,/data/shared_data/KEGG_data/sourmash_sketches/output_KOs/KOs_sketched/KOs_sketched_scaled_100.sig.zip,ko:K01008,657e86105a52755fd1fcfe0617616c71,0.7827136648961854,100,145,3200,/data/dmk333/temp/FreshFun/FunUniFrac/experiments/QIITA_study/joined/EGAF00002727214.fastq,,7d562b10,2543100,5,protein,100,25431,True,0.605691506821494,0.9521833502522544,0.7789374285368742,0.9521833502522544,False
220300,0.08662655813770595,0.00036036036036036037,3.9322087216389446e-05,9.147055379932092e-07,1.0,1.0,0.0,/data/shared_data/KEGG_data/sourmash_sketches/output_KOs/KOs_sketched/KOs_sketched_scaled_100.sig.zip,ko:K01173,dd5dbcb0d4c320f852f19323d67a8f68,0.7938738738738739,100,146,3100,/data/dmk333/temp/FreshFun/FunUniFrac/experiments/QIITA_study/joined/EGAF00002727214.fastq,,7d562b10,2543100,5,protein,100,25431,True,0.6440176656194607,0.9548833086374431,0.7994504871284519,0.9548833086374431,False
184800,0.0726672171758877,0.0004338394793926247,3.9322087216389446e-05,9.147055379932092e-07,1.0,1.0,0.0,/data/shared_data/KEGG_data/sourmash_sketches/output_KOs/KOs_sketched/KOs_sketched_scaled_100.sig.zip,ko:K01174,330eb109ce1f1cdf6724bda956e99600,0.8017353579175704,100,147,3000,/data/dmk333/temp/FreshFun/FunUniFrac/experiments/QIITA_study/joined/EGAF00002727214.fastq,,7d562b10,2543100,5,protein,100,25431,True,0.6217778893526714,0.9567670437254906,0.789272466539081,0.9567670437254906,False
581200,0.22853997090165545,0.0001261193088661874,3.9322087216389446e-05,9.147055379932092e-07,1.0,1.0,0.0,/data/shared_data/KEGG_data/sourmash_sketches/output_KOs/KOs_sketched/KOs_sketched_scaled_100.sig.zip,ko:K01179,c25f7afa3ec56f94cff49d2e54b7ede4,0.7330054231302813,100,148,2900,/data/dmk333/temp/FreshFun/FunUniFrac/experiments/QIITA_study/joined/EGAF00002727214.fastq,,7d562b10,2543100,5,protein,100,25431,True,0.7819158236747592,0.9397696981383589,0.860842760906559,0.9397696981383589,False
138700,0.05453973496913216,0.0005555555555555556,3.9322087216389446e-05,9.147055379932092e-07,1.0,1.0,0.0,/data/shared_data/KEGG_data/sourmash_sketches/output_KOs/KOs_sketched/KOs_sketched_scaled_100.sig.zip,ko:K01201,7d672f4e4d06dccdbd7420b10026e799,0.7705555555555555,100,149,2800,/data/dmk333/temp/FreshFun/FunUniFrac/experiments/QIITA_study/joined/EGAF00002727214.fastq,,7d562b10,2543100,5,protein,100,25431,True,0.5870974217246631,0.949206691605133,0.768152056664898,0.949206691605133,False
533100,0.20962604695057213,0.0001410636196924813,3.9322087216389446e-05,2.7441166139796276e-06,3.0,3.0,0.0,/data/shared_data/KEGG_data/sourmash_sketches/output_KOs/KOs_sketched/KOs_sketched_scaled_100.sig.zip,ko:K01256,8587f8ea707431085899bb8ea8f5b5ae,0.7520101565806179,100,150,2700,/data/dmk333/temp/FreshFun/FunUniFrac/experiments/QIITA_study/joined/EGAF00002727214.fastq,,7d562b10,2543100,5,protein,100,25431,True,0.7685225541457505,0.9445930399423736,0.8565577970440621,0.9445930399423736,False
267300,0.105107939129409,0.0002871912693854107,3.9322087216389446e-05,9.147055379932092e-07,1.0,1.0,0.0,/data/shared_data/KEGG_data/sourmash_sketches/output_KOs/KOs_sketched/KOs_sketched_scaled_100.sig.zip,ko:K01265,2628de975a14ba93a5d0d76433a39a32,0.7676622630672028,100,151,2600,/data/dmk333/temp/FreshFun/FunUniFrac/experiments/QIITA_study/joined/EGAF00002727214.fastq,,7d562b10,2543100,5,protein,100,25431,True,0.6694138178333755,0.9484927997449394,0.8089533087891574,0.9484927997449394,False
392100,0.15418190397546302,0.00019557989438685703,3.9322087216389446e-05,9.147055379932092e-07,1.0,1.0,0.0,/data/shared_data/KEGG_data/sourmash_sketches/output_KOs/KOs_sketched/KOs_sketched_scaled_100.sig.zip,ko:K01439,22ff79326d3931c1349473582ba1ef8b,0.7668687658908664,100,152,2500,/data/dmk333/temp/FreshFun/FunUniFrac/experiments/QIITA_study/joined/EGAF00002727214.fastq,,7d562b10,2543100,5,protein,100,25431,True,0.7227269497132351,0.9482966359448333,0.8355117928290342,0.9482966359448333,False
36600,0.014391883921198537,0.002061855670103093,3.9322087216389446e-05,9.147055379932092e-07,1.0,1.0,0.0,/data/shared_data/KEGG_data/sourmash_sketches/output_KOs/KOs_sketched/KOs_sketched_scaled_100.sig.zip,ko:K01442,71dde89be9ef0efafcf7c6251ad3c0d3,0.7546391752577319,100,153,2400,/data/dmk333/temp/FreshFun/FunUniFrac/experiments/QIITA_study/joined/EGAF00002727214.fastq,,7d562b10,2543100,5,protein,100,25431,True,0.44977063558959873,0.9452525755298432,0.697511605559721,0.9452525755298432,False
264900,0.10416420903621565,0.00029120559114735004,3.9322087216389446e-05,6.402938765952465e-06,7.0,7.0,0.0,/data/shared_data/KEGG_data/sourmash_sketches/output_KOs/KOs_sketched/KOs_sketched_scaled_100.sig.zip,ko:K01474,54ad5639719d81e897179f644ce677c9,0.7714036109493302,100,154,2300,/data/dmk333/temp/FreshFun/FunUniFrac/experiments/QIITA_study/joined/EGAF00002727214.fastq,,7d562b10,2543100,5,protein,100,25431,True,0.66820738724945,0.9494155346160916,0.8088114609327708,0.9494155346160916,False
262100,0.10306319059415674,0.0002929973630237328,3.9322087216389446e-05,9.147055379932092e-07,1.0,1.0,0.0,/data/shared_data/KEGG_data/sourmash_sketches/output_KOs/KOs_sketched/KOs_sketched_scaled_100.sig.zip,ko:K01585,4e7af49d4b13b8c72bfbd6fcee5e904e,0.7679460884852036,100,155,2200,/data/dmk333/temp/FreshFun/FunUniFrac/experiments/QIITA_study/joined/EGAF00002727214.fastq,,7d562b10,2543100,5,protein,100,25431,True,0.6667887826791997,0.9485629260424012,0.8076758543608005,0.9485629260424012,False
219000,0.08611537100389288,0.0003563791874554526,3.9322087216389446e-05,9.147055379932092e-07,1.0,1.0,0.0,/data/shared_data/KEGG_data/sourmash_sketches/output_KOs/KOs_sketched/KOs_sketched_scaled_100.sig.zip,ko:K01803,4fb5edf2d5b6db2293b0d4f238a7d57c,0.7804704205274412,100,156,2100,/data/dmk333/temp/FreshFun/FunUniFrac/experiments/QIITA_study/joined/EGAF00002727214.fastq,,7d562b10,2543100,5,protein,100,25431,True,0.6432557898254144,0.9516369351513642,0.7974463624883893,0.9516369351513642,False
172200,0.06771263418662263,0.000474158368895211,3.9322087216389446e-05,9.147055379932092e-07,1.0,1.0,0.0,/data/shared_data/KEGG_data/sourmash_sketches/output_KOs/KOs_sketched/KOs_sketched_scaled_100.sig.zip,ko:K01968,ef64ce2386a4462dde38b14ac712f682,0.8165007112375533,100,157,2000,/data/dmk333/temp/FreshFun/FunUniFrac/experiments/QIITA_study/joined/EGAF00002727214.fastq,,7d562b10,2543100,5,protein,100,25431,True,0.6130579241963005,0.9602654723044012,0.7866616982503508,0.9602654723044012,False
391300,0.1538673272777319,0.0002039983680130559,3.9322087216389446e-05,2.561175506380986e-05,28.0,28.0,0.0,/data/shared_data/KEGG_data/sourmash_sketches/output_KOs/KOs_sketched/KOs_sketched_scaled_100.sig.zip,ko:K01997,bda1df26765000e2121fcffde47b2488,0.7982456140350878,100,158,1900,/data/dmk333/temp/FreshFun/FunUniFrac/experiments/QIITA_study/joined/EGAF00002727214.fastq,,7d562b10,2543100,5,protein,100,25431,True,0.7224317933741299,0.9559326785132772,0.8391822359437036,0.9559326785132772,False
328200,0.12905509024419015,0.0002467308166790032,3.9322087216389446e-05,3.658822151972837e-06,4.0,4.0,0.0,/data/shared_data/KEGG_data/sourmash_sketches/output_KOs/KOs_sketched/KOs_sketched_scaled_100.sig.zip,ko:K02010,228a687d4af7b9671cd0ba8078fe446c,0.8097705403404886,100,159,1800,/data/dmk333/temp/FreshFun/FunUniFrac/experiments/QIITA_study/joined/EGAF00002727214.fastq,,7d562b10,2543100,5,protein,100,25431,True,0.6974652849554893,0.9586771907884564,0.8280712378719728,0.9586771907884564,False
584000,0.22964098934371435,0.00013025921583952066,3.9322087216389446e-05,1.0061760917925302e-05,11.0,11.0,0.0,/data/shared_data/KEGG_data/sourmash_sketches/output_KOs/KOs_sketched/KOs_sketched_scaled_100.sig.zip,ko:K02016,0aa45ab0c475448f99c9cf67828e16d0,0.7607138205028006,100,160,1700,/data/dmk333/temp/FreshFun/FunUniFrac/experiments/QIITA_study/joined/EGAF00002727214.fastq,,7d562b10,2543100,5,protein,100,25431,True,0.782667770492265,0.9467695055222848,0.8647186380072749,0.9467695055222848,False
562800,0.2213047068538398,0.0001367053998632946,3.9322087216389446e-05,1.8294110759864184e-06,2.0,2.0,0.0,/data/shared_data/KEGG_data/sourmash_sketches/output_KOs/KOs_sketched/KOs_sketched_scaled_100.sig.zip,ko:K02342,2be23dd13a544eb2205dd6c421ff438d,0.769377990430622,100,161,1600,/data/dmk333/temp/FreshFun/FunUniFrac/experiments/QIITA_study/joined/EGAF00002727214.fastq,,7d562b10,2543100,5,protein,100,25431,True,0.7769010326128616,0.9489163980431458,0.8629087153280037,0.9489163980431458,False
16900,0.006645432739569817,0.004739336492890996,3.9322087216389446e-05,9.147055379932092e-07,1.0,1.0,0.0,/data/shared_data/KEGG_data/sourmash_sketches/output_KOs/KOs_sketched/KOs_sketched_scaled_100.sig.zip,ko:K02344,3494436fe13fc5271e259fb500073b12,0.8009478672985783,100,162,1500,/data/dmk333/temp/FreshFun/FunUniFrac/experiments/QIITA_study/joined/EGAF00002727214.fastq,,7d562b10,2543100,5,protein,100,25431,True,0.3853649588892525,0.9565790162767922,0.6709719875830223,0.9565790162767922,False
79600,0.031300381424246,0.0009115770282588879,3.9322087216389446e-05,9.147055379932092e-07,1.0,1.0,0.0,/data/shared_data/KEGG_data/sourmash_sketches/output_KOs/KOs_sketched/KOs_sketched_scaled_100.sig.zip,ko:K02348,dae3fe2719632ec14d41ba5b38a96061,0.7256153144940748,100,163,1400,/data/dmk333/temp/FreshFun/FunUniFrac/experiments/QIITA_study/joined/EGAF00002727214.fastq,,7d562b10,2543100,5,protein,100,25431,True,0.5253847885090442,0.9378670714540445,0.7316259299815444,0.9378670714540445,False
19900,0.0078250953560615,0.00392156862745098,3.9322087216389446e-05,1.8294110759864184e-06,2.0,2.0,0.0,/data/shared_data/KEGG_data/sourmash_sketches/output_KOs/KOs_sketched/KOs_sketched_scaled_100.sig.zip,ko:K02774,29df904933fa5f867116a5e7b4fc3672,0.7803921568627451,100,164,1300,/data/dmk333/temp/FreshFun/FunUniFrac/experiments/QIITA_study/joined/EGAF00002727214.fastq,,7d562b10,2543100,5,protein,100,25431,True,0.39816721386786,0.9516178488209567,0.6748925313444083,0.9516178488209567,False
66200,0.026031221737249814,0.0011086474501108647,3.9322087216389446e-05,9.147055379932092e-07,1.0,1.0,0.0,/data/shared_data/KEGG_data/sourmash_sketches/output_KOs/KOs_sketched/KOs_sketched_scaled_100.sig.zip,ko:K03386,0b1fb4259600d95ccbb93e70901e953d,0.7339246119733924,100,165,1200,/data/dmk333/temp/FreshFun/FunUniFrac/experiments/QIITA_study/joined/EGAF00002727214.fastq,,7d562b10,2543100,5,protein,100,25431,True,0.5063682637980977,0.9400052742541831,0.7231867690261404,0.9400052742541831,False
53800,0.021155282922417522,0.0013850415512465374,3.9322087216389446e-05,1.8294110759864184e-06,2.0,2.0,0.0,/data/shared_data/KEGG_data/sourmash_sketches/output_KOs/KOs_sketched/KOs_sketched_scaled_100.sig.zip,ko:K03462,2aaedb7c6c02c4851f6ffd79ae9a4cd5,0.7451523545706371,100,166,1100,/data/dmk333/temp/FreshFun/FunUniFrac/experiments/QIITA_study/joined/EGAF00002727214.fastq,,7d562b10,2543100,5,protein,100,25431,True,0.4857930933906913,0.9428639166281017,0.7143285050093965,0.9428639166281017,False
197500,0.07766112225236915,0.0003912363067292645,3.9322087216389446e-05,1.7379405221870975e-05,19.0,19.0,0.0,/data/shared_data/KEGG_data/sourmash_sketches/output_KOs/KOs_sketched/KOs_sketched_scaled_100.sig.zip,ko:K03596,c30e5103fd2392cac1e9c87ac8da4049,0.7726917057902973,100,167,1000,/data/dmk333/temp/FreshFun/FunUniFrac/experiments/QIITA_study/joined/EGAF00002727214.fastq,,7d562b10,2543100,5,protein,100,25431,True,0.6300982898937904,0.949732391116284,0.7899153405050372,0.949732391116284,False
104200,0.0409736148794778,0.0007385524372230429,3.9322087216389446e-05,9.147055379932092e-07,1.0,1.0,0.0,/data/shared_data/KEGG_data/sourmash_sketches/output_KOs/KOs_sketched/KOs_sketched_scaled_100.sig.zip,ko:K03673,11125b143dbe61ec3393e18221e751c9,0.7695716395864106,100,168,900,/data/dmk333/temp/FreshFun/FunUniFrac/experiments/QIITA_study/joined/EGAF00002727214.fastq,,7d562b10,2543100,5,protein,100,25431,True,0.5544577071953375,0.9489641608760176,0.7517109340356776,0.9489641608760176,False
462700,0.18194329755023397,0.00017041581458759374,3.9322087216389446e-05,1.8294110759864184e-06,2.0,2.0,0.0,/data/shared_data/KEGG_data/sourmash_sketches/output_KOs/KOs_sketched/KOs_sketched_scaled_100.sig.zip,ko:K03820,f10c65f2c1a11ce1121a6f844f129791,0.7885139740967961,100,169,800,/data/dmk333/temp/FreshFun/FunUniFrac/experiments/QIITA_study/joined/EGAF00002727214.fastq,,7d562b10,2543100,5,protein,100,25431,True,0.747058791289874,0.9535904188473758,0.8503246050686248,0.9535904188473758,False
132200,0.05198379930006685,0.0006049606775559589,3.9322087216389446e-05,2.7441166139796276e-06,3.0,3.0,0.0,/data/shared_data/KEGG_data/sourmash_sketches/output_KOs/KOs_sketched/KOs_sketched_scaled_100.sig.zip,ko:K03928,8a59ca3ee920cbd791d3d00a3cf6b015,0.7997580157289776,100,170,700,/data/dmk333/temp/FreshFun/FunUniFrac/experiments/QIITA_study/joined/EGAF00002727214.fastq,,7d562b10,2543100,5,protein,100,25431,True,0.5814885559468622,0.9562946372230723,0.7688915965849672,0.9562946372230723,False
52200,0.020526129526955292,0.0014641288433382138,3.9322087216389446e-05,1.7379405221870975e-05,19.0,19.0,0.0,/data/shared_data/KEGG_data/sourmash_sketches/output_KOs/KOs_sketched/KOs_sketched_scaled_100.sig.zip,ko:K05303,7c74ed81c4cdfb4a4066edaf88785129,0.7642752562225475,100,171,600,/data/dmk333/temp/FreshFun/FunUniFrac/experiments/QIITA_study/joined/EGAF00002727214.fastq,,7d562b10,2543100,5,protein,100,25431,True,0.4828686183873492,0.9476543486547158,0.7152614835210325,0.9476543486547158,False
440200,0.17309582792654635,0.00017179178835251675,3.9322087216389446e-05,9.147055379932092e-07,1.0,1.0,0.0,/data/shared_data/KEGG_data/sourmash_sketches/output_KOs/KOs_sketched/KOs_sketched_scaled_100.sig.zip,ko:K06978,423e8b3c7434e7f7bbb85d5e00a9baaa,0.7562274523277788,100,172,500,/data/dmk333/temp/FreshFun/FunUniFrac/experiments/QIITA_study/joined/EGAF00002727214.fastq,,7d562b10,2543100,5,protein,100,25431,True,0.7396476616244932,0.9456501325901707,0.842648897107332,0.9456501325901707,False
304600,0.11977507766112225,0.0002584647195657793,3.9322087216389446e-05,9.147055379932092e-07,1.0,1.0,0.0,/data/shared_data/KEGG_data/sourmash_sketches/output_KOs/KOs_sketched/KOs_sketched_scaled_100.sig.zip,ko:K07182,c2857b06dd0c0acd5e59c8074b33f19d,0.7872835357973637,100,173,400,/data/dmk333/temp/FreshFun/FunUniFrac/experiments/QIITA_study/joined/EGAF00002727214.fastq,,7d562b10,2543100,5,protein,100,25431,True,0.6871330861098254,0.9532926264756342,0.8202128562927298,0.9532926264756342,False
309300,0.12162321576029256,0.00025647601949217746,3.9322087216389446e-05,9.147055379932092e-07,1.0,1.0,0.0,/data/shared_data/KEGG_data/sourmash_sketches/output_KOs/KOs_sketched/KOs_sketched_scaled_100.sig.zip,ko:K07679,dec43e2217378b3f732e8bd172823bb0,0.793280328289305,100,174,300,/data/dmk333/temp/FreshFun/FunUniFrac/experiments/QIITA_study/joined/EGAF00002727214.fastq,,7d562b10,2543100,5,protein,100,25431,True,0.6892406208097024,0.9547404808242914,0.8219905508169969,0.9547404808242914,False
70100,0.027564783138689,0.0011587485515643105,3.9322087216389446e-05,9.147055379932092e-07,1.0,1.0,0.0,/data/shared_data/KEGG_data/sourmash_sketches/output_KOs/KOs_sketched/KOs_sketched_scaled_100.sig.zip,ko:K15525,ce37f8aed841daa10ed64e70fb1e57e2,0.8122827346465817,100,175,200,/data/dmk333/temp/FreshFun/FunUniFrac/experiments/QIITA_study/joined/EGAF00002727214.fastq,,7d562b10,2543100,5,protein,100,25431,True,0.5121987149406103,0.9592712850778583,0.7357350000092343,0.9592712850778583,False
135600,0.053320750265424086,0.0006093845216331506,3.9322087216389446e-05,5.488233227959255e-06,6.0,6.0,0.0,/data/shared_data/KEGG_data/sourmash_sketches/output_KOs/KOs_sketched/KOs_sketched_scaled_100.sig.zip,ko:K16870,c7923a650a3d5f470f32a6c1949368f7,0.8263254113345521,100,176,100,/data/dmk333/temp/FreshFun/FunUniFrac/experiments/QIITA_study/joined/EGAF00002727214.fastq,,7d562b10,2543100,5,protein,100,25431,True,0.5844492677430932,0.962565344708959,0.7735073062260261,0.962565344708959,False
4900,0.0019267822736030828,0.017241379310344827,3.9322087216389446e-05,4.5735276899660465e-06,5.0,5.0,0.0,/data/shared_data/KEGG_data/sourmash_sketches/output_KOs/KOs_sketched/KOs_sketched_scaled_100.sig.zip,ko:K17483,370fc65fd9778dd6a4a8a1b97a256d59,0.8448275862068966,100,177,0,/data/dmk333/temp/FreshFun/FunUniFrac/experiments/QIITA_study/joined/EGAF00002727214.fastq,,7d562b10,2543100,5,protein,100,25431,True,0.3008389726685635,0.9668377906937211,0.6338383816811424,0.9668377906937211,False
